Номер каталог.;ПОСТАВЩИК;Наименование;Кол-во ;Цена Руб;;
A350563 STD;AE;Поршни FORD 2,4TD, ;4;3 000,00  ;;
AEB4818 0.25MM;AE;Вкладыши;1;460,00  ;;
CAM354;AE;Распредвал XUD9;1;4 600,00  ;;
V91835;AE;Клапан RENO (вп) 1.4/1.6 (95-) ;4;250,00  ;;
V94002;AE;Клапан FORD (вп) 1,4 Zetek(Fokus) 96--;8;150,00  ;;
V94003;AE;Клапан FORD (вып) 1,4 Zetek(Fokus) 96--;16;250,00  ;;
V94062;AE;Клапан PEUG (вп) 2,5 TD TJ5, DK5ATE 3V;1;240,00  ;;
V94080;AE;Клапан VAG (вып) 1,6;2;300,00  ;;
V94081;AE;Клапан VAG (вп) ADR;1;250,00  ;;
V94187;AE;Клапана;1;200,00  ;;
V94214;AE;Клапан FORD (вп) 1,6 Fokus 98--;2;210,00  ;;
V94398;AE;Клапан MB (вп) 611, 612, 613;8;450,00  ;;
V94595;AE;Клапан BMW (вып)  M54;11;480,00  ;;
V94691;AE;Клапан впускной;16;390,00  ;;
V94692;AE;Клапан выпускной;24;570,00  ;;
V94698;AE;Клапан;8;390,00  ;;
85004400;AJUSA;Гидротолкатель;139;300,00  ;;
258766;AMC;Болты;1;950,00  ;;
CLMA409301F 001;ARCO;Гильзы MAZDA WL/WLT(PH);4;590,00  ;;
EBHOR984 010;ARCO;Вкладыши HONDA D15A2/A3/EW ;3;420,00  ;;
EBISM4521;ARCO;Вкладыши 4FB1/C1;1;350,00  ;;
EBISM4541;ARCO;Вкладыши 4EC1/4EE1T;1;350,00  ;;
EBISM5022;ARCO;Вкладыши ISUZU 4ZA1-4ZD1 ;2;420,00  ;;
EBMAM8418;ARCO;Вкладыши MAZDA RF/R2;1;470,00  ;;
EBMIR7281 020;ARCO;Вкладыши 4G63;2;360,00  ;;
EBNIM2620 020;ARCO;Вкладыши NISSAN CA16/18/20/CD17/20 ;1;630,00  ;;
EBNIM2632 020;ARCO;Вкладыши NISSAN RD28;1;790,00  ;;
EBNIM3035 010;ARCO;Вкладыши BD30/TD23/25/27;1;560,00  ;;
EBNIR2040 STD;ARCO;Вкладыши NISSAN L13-L18/Z16-Z24 ;1;280,00  ;;
EBNIR2632 010;ARCO;Вкладыши RD28;1;640,00  ;;
EBNIR3036 010;ARCO;Вкладыши TD25/TD27/T;1;350,00  ;;
EBTOM9038 010;ARCO;Вкладыши TOYOTA 1G ;2;800,00  ;;
EBTOM9038 020;ARCO;Вкладыши TOYOTA 1G ;2;800,00  ;;
PRMA408601D;ARCO;RIK30855 Кольца MAZDA R2;1;1 680,00  ;;
PRMA408602D 020;ARCO;RIK30335 Кольца MAZDA R2;1;2 050,00  ;;
PRTO409501G STD;ARCO;RIK28653 Кольца TOYOTA 2RZ/2TZ-FE;1;450,00  ;;
PRTO409603D 020;ARCO;RIK28773 Кольца 1KZ/1KZ-TE;2;1 730,00  ;;
PTMA608451G;ARCO;Поршни KF (L/R) комплект 6 шт (без колец);1;3 500,00  ;;
PTMI408654G;ARCO;Поршни 4G64 комплект 4 шт (без колец);1;2 300,00  ;;
PTTO408701G 020;ARCO;Поршни 5SFE комплект 4 шт (без колец);1;1 700,00  ;;
PTTO409502G 020;ARCO;Поршни 3RZ-FE комплект 4 шт (без колец);1;2 500,00  ;;
VINI1320138U00N;ARCO;Клапана VQ30;24;90,00  ;;
24.8190-0425.2;ATE;Датчик колодок Fr W164;1;200,00  ;;
CR-34006;AUTOWELT;Шатун;2;2 000,00  ;;
CR-51002;AUTOWELT;Шатун;4;2 000,00  ;;
CT-37002;AUTOWELT;Натяжитель цепи ГРМ FIAT/OPEL/SUZUKI Z13DT/188 A9.000 (12831-85E00);1;1 000,00  ;;
CT-53000;AUTOWELT;Натяжитель цепи ГРМ OPEL X10-12/Z10-14 (56 36 457);1;2 000,00  ;;
OR51004;AUTOWELT;Поддон двигателя AUDI/SKODA/VW BKC/AZV... 1.9 TDI/2.0 TDI 16V (038 103 601 AK);1;1 500,00  ;;
OR51008;AUTOWELT;Поддон двигателя AUDI BWE/BPJ... 2.0 TFSI 16V (06B 103 601 CG);1;3 000,00  ;;
VE-32022;AUTOWELT;Клапан;4;330,00  ;;
VE-34018;AUTOWELT;Клапан;8;180,00  ;;
VE-52003;AUTOWELT;Клапан;2;240,00  ;;
VE-54001;AUTOWELT;Клапан;1;160,00  ;;
VI-33010;AUTOWELT;Клапан;2;240,00  ;;
VI-51006;AUTOWELT;Клапан;1;170,00  ;;
BGSILC;BGA;Герметик;159;200,00  ;;
BK4382;BGA;Комплект болтов для ГБЦ;5;700,00  ;;
BK4398;BGA;Комплект болтов для ГБЦ;5;1 250,00  ;;
CH0523;BGA;Прокладка ГБЦ;7;2 000,00  ;;
CH0525A;BGA;Прокладка ГБЦ;4;1 000,00  ;;
CH1501;BGA;Прокладка ГБЦ;9;1 500,00  ;;
CH1518;BGA;Прокладка ГБЦ;9;1 500,00  ;;
CH2561;BGA;Прокладка ГБЦ;2;750,00  ;;
CH3555;BGA;Прокладка ГБЦ;1;1 000,00  ;;
CH4529;BGA;Прокладка ГБЦ BMW M52 24V;10;2 100,00  ;;
CH4550H;BGA;Прокладка ГБЦ;10;1 800,00  ;;
CH4554I;BGA;Прокладка ГБЦ 1,9 tdi 115ps+130ps**;8;1 000,00  ;;
CH4554J;BGA;Прокладка ГБЦ;11;1 200,00  ;;
CH4559I;BGA;Прокладка ГБЦ 1,9TDi/SDi - AGR, AHF, ALH, ASV, AQM, AGP;3;1 500,00  ;;
CH4582H;BGA;Прокладка ГБЦ MB OM611.960/980 d89.0 1.2mm;12;2 300,00  ;;
CH5313;BGA;Прокладка ГБЦ;2;300,00  ;;
CH6514H;BGA;Прокладка ГБЦ;7;1 000,00  ;;
CH6572J;BGA;Прокладка ГБЦ;6;1 000,00  ;;
CH6575I;BGA;Прокладка ГБЦ;6;1 000,00  ;;
CH6576I;BGA;Прокладка ГБЦ;6;2 000,00  ;;
CH7305;BGA;Прокладка ГБЦ;13;600,00  ;;
CH8534;BGA;Прокладка ГБЦ;8;2 300,00  ;;
CH9378;BGA;Прокладка ГБЦ;10;800,00  ;;
CH9550;BGA;Прокладка ГБЦ;10;2 100,00  ;;
CK1502;BGA;Нижний набор прокладок VW BJJ/BJM VR;3;1 500,00  ;;
CK3563;BGA;Прокладки картера, комплект;2;3 000,00  ;;
CK9565;BGA;Комплект прокладок, блок-картер двигателя;4;2 100,00  ;;
HK1540;BGA;Верхний набор прокладок Renault 1.1 D7F;2;2 110,00  ;;
HK1547H;BGA;Верхний набор прокладок;5;3 000,00  ;;
HK3548H;BGA;Прокладки ГБЦ, комплект;4;2 400,00  ;;
HK5744;BGA;Прокладки ГБЦ, комплект;8;6 000,00  ;;
HK5760;BGA;Прокладки ГБЦ, комплект;7;1 700,00  ;;
HK7557;BGA;Верхний набор прокладок Rover 2.0-2.5 V6;2;10 000,00  ;;
HN4359;BGA;Верхний набор прокладок AU/VW 1.9TDI-2.0TDI;5;3 580,00  ;;
HN5344;BGA;Комплект прокладок;3;2 800,00  ;;
HN5396;BGA;Прокладки ГБЦ, комплект;1;1 000,00  ;;
OP0366;BGA;Прокладка поддона;7;500,00  ;;
RC2346;BGA;Прокладка крышки ГБЦ;12;650,00  ;;
RC8396;BGA;Прокладка клапанной крышки;5;1 000,00  ;;
RK3360;BGA;Прокладка клапанной крышки (комплект);5;1 500,00  ;;
11311717796;BMW;Шестерня ременной передачи;1;4 350,00  ;;
11377628305;BMW;ПРОМЕЖУТОЧНЫЙ РЫЧАГ;10;2 000,00  ;;
11377628306;BMW;ПРОМЕЖУТОЧНЫЙ РЫЧАГ;11;2 000,00  ;;
13717548897;BMW;Фильтр воздушный BMW X5 (E70) 4.8 левый;2;850,00  ;;
31126777730;BMW;Тяга с гидравлической опорой правая;1;9 500,00  ;;
32416791633;BMW;Возвратный трубопровод Dynamic Drive PART 1;1;12 000,00  ;;
33204079773;BMW;Кольцо;2;100,00  ;;
61359322532;BMW;ЦЕНТР.МОДУЛЬ МЕЖСЕТЕВОГО ПРЕОБРАЗОВАНИЯ;1;16 000,00  ;;
61667238666;BMW;БАЧОК ОМЫВАТЕЛЯ;1;3 700,00  ;;
63127187952;BMW;Лампочка габаритная;1;1 000,00  ;;
64319171858;BMW;Фильтр салона;1;1 300,00  ;;
1417010997;BOSCH;Ремкомплект форсунки;1;400,00  ;;
57-1582;CARDONE;Водяная помпа;1;15 000,00  ;;
C-124;DOLZ;Помпа;1;1 300,00  ;;
036.166;ELRING;Герметик;11;300,00  ;;
447.201;ELRING;Герметики Dirko;1;500,00  ;;
19186;FEBI;Датчик колодок;5;200,00  ;;
22663;FEBI;Датчик колодок Fr W164;6;200,00  ;;
1372465;FORD;ЗАМОК ПЕРЕДНЕЙ ПРАВОЙ ДВЕРИ;1;10 000,00  ;;
1562503;FORD;Натяжной шкиф;1;3 500,00  ;;
R4223/SCR;FRECCIA;Клапан;2;180,00  ;;
01-4040/4 STD;GLYCO;Вкладыши FORD FYDA/FYDB/FYJA/FYJB (ш);2;1 690,00  ;;
01-4116/4 STD;GLYCO;Вкладыши ;1;700,00  ;;
01-4162/4 STD;GLYCO;Вкладыши;1;1 060,00  ;;
01-4180/4 STD;GLYCO;Вкладыши LADA;1;900,00  ;;
01-4200/4 STD;GLYCO;Вкладыши шатунные XUD7/XUD9;1;1 110,00  ;;
01-4202/4 STD;GLYCO;Вкладыши шатунные Renault f2n/f3n без замка;1;1 200,00  ;;
71-3704/6 STD;GLYCO;Вкладыши m51 std.;1;7 400,00  ;;
71-3706/8 STD;GLYCO;Вкладыши;2;4 000,00  ;;
71-3754/5 0.25MM;GLYCO;Вкладыши шатунные;1;2 460,00  ;;
71-3857/6 STD;GLYCO;Вкладыши шатунные M272;1;3 310,00  ;;
71-38669-00;GLYCO;Прокладка  поддона;1;1 400,00  ;;
71-3876 0.50MM;GLYCO;Вкладыши шатунные MB611/612/613/647/648/665 Sputter;20;1 400,00  ;;
71-3876 STD;GLYCO;Вкладыши шатунные MB611/612/613/647/648/665 Sputter;5;1 390,00  ;;
71-3930 STD;GLYCO;Вкладыши ;22;1 400,00  ;;
71-4007/6 STD;GLYCO;Вкладыши шатунные MB M272;1;4 360,00  ;;
71-4066/4 STD;GLYCO;Вкладыши FORD (ш) ABFA/D3FA/D6BA;1;1 510,00  ;;
71-4151/4 STD;GLYCO;Вкладыши;1;1 950,00  ;;
71-4243/4 STD;GLYCO;Вкладыши;1;1 510,00  ;;
71-4806/4 STD;GLYCO;Вкладыши шатунные BMW 316i/318i/318Ci;7;1 900,00  ;;
72-4014 STD;GLYCO;Вкладыши;1;640,00  ;;
A123/4 STD;GLYCO;Полукольца упорные VAG;8;450,00  ;;
A124/4 STD;GLYCO;Полукольца упорные VAG;4;650,00  ;;
F7044M STD;GLYCO;Вкладыши PEUG (к) 1,6 /1,8/1,9 (06/87-);1;870,00  ;;
F7139336;GLYCO;Вкладыши , ;1;2 000,00  ;;
F7203M;GLYCO;Вкладыши;1;1 580,00  ;;
H035/7 STD;GLYCO;Вкладыши;2;4 250,00  ;;
H046/6 STD;GLYCO;Вкладыши;1;4 200,00  ;;
H069/4 STD;GLYCO;Вкладыши MB (к) m112 2,4-2,8-3,2 std.;1;3 110,00  ;;
H1003/4 STD;GLYCO;Вкладыши коренные M272;3;2 700,00  ;;
H1018/5 STD;GLYCO;Вкладыши кор. FORD D3FA-D6BA;3;2 400,00  ;;
H1042/5 0.25MM;GLYCO;Вкладыши коренные Renault;1;1 860,00  ;;
H1065/5 STD;GLYCO;Вкладыши;2;1 700,00  ;;
H1085/5 STD;GLYCO;Вкладыши кор. ROVER 1.4/1.6 16V;1;2 700,00  ;;
H1105/5 STD;GLYCO;Вкладыши;1;1 900,00  ;;
N147/5 STD;GLYCO;Вкладыши распредвала;6;2 200,00  ;;
08-104200-00;GOETZE;Кольца RENO Megan 1,6  (95-) (K7M);4;650,00  ;;
08-105200-00;GOETZE;Кольца RENO Megan 1,6 4v c 98 г.(K4M);12;710,00  ;;
08-109700-00;GOETZE;Кольца VAG 1,8-2,2 ABS,RP,KU, VR6 STD;1;750,00  ;;
08-114400-40;GOETZE;Кольца;6;1 450,00  ;;
08-117900-00;GOETZE;Кольца MB OM611 d88.0  2.5-2.0-3.0;4;1 960,00  ;;
08-117907-00;GOETZE;Кольца MB 88.50;4;2 020,00  ;;
08-119000-00;GOETZE;Кольца MB 104:111: 112 2,8-3,2-4,3 std.;18;1 800,00  ;;
08-139500-00;GOETZE;Кольца поршневые 2.0TDI D81.0 STD 1.75-2.0-3.0 VAG;4;2 100,00  ;;
08-139507-00;GOETZE;Кольца;8;750,00  ;;
08-140800-00;GOETZE;Кольца FORD 2,0 DI/TDDI/TDCI -16v;3;1 630,00  ;;
08-179707-00;GOETZE;Кольца 102 2,3 +0,5;1;1 500,00  ;;
08-306807-00;GOETZE;Кольца OPEL 2,0 +0,5;8;660,00  ;;
08-421000-00;GOETZE;Кольца VAG 2,5 tdi aat, acv std.;5;1 760,00  ;;
08-425300-00;GOETZE;Кольца BMW M50B25.M50B30;10;950,00  ;;
08-433400-00;GOETZE;Кольца;2;1 650,00  ;;
08-704500-00;GOETZE;Кольца BMW M41 1,8TDI M51 2,5TDI STD.;24;900,00  ;;
08-991400-00;GOETZE;Кольца VAG 1,9 sd   2,3 nf,ng,aar std.;12;650,00  ;;
21-28423-20/0;GOETZE;Прокладки ГБЦ, комплект;1;3 000,00  ;;
21-27864-52/0;GOETZE;Прокладка m119 4,2   119.981,85;1;3 420,00  ;;
30-024362-10;GOETZE;Прокладка 1,6 16v twin spark 95->, ;2;4 190,00  ;;
30-024642-10;GOETZE;Прокладка 2,0d+td *, ;2;2 800,00  ;;
30-027271-00;GOETZE;Прокладка 156 2,0 twin spark 92->, ;1;2 800,00  ;;
30-029042-00;GOETZE;Прокладка 1,4 4v afh, ;1;1 110,00  ;;
30-029113-00;GOETZE;Прокладка;1;3 820,00  ;;
1220-407954DA;HAMMERSCHMIDT;Поршень VAG AAZ;4;1 400,00  ;;
1220-408108G;HAMMERSCHMIDT;Поршень VAG AEB/AGU/AJQ/APP STD;4;1 580,00  ;;
1220-408257GA;HAMMERSCHMIDT;Поршень VAG BWA;8;1 710,00  ;;
1312-11341738215;HAMMERSCHMIDT;Клапан BMW (вып) M50B20/M52B20;85;380,00  ;;
1312-11342247077;HAMMERSCHMIDT;Клапан BMW (вып) M47D20/M57D25/30;38;580,00  ;;
1320-108002DB;HAMMERSCHMIDT;Поршень BMW M41D18/M51D25 STD;6;4 160,00  ;;
1320-608005G;HAMMERSCHMIDT;Поршень BMW M50B20/TU1;12;3 000,00  ;;
1320-608005G 0.50;HAMMERSCHMIDT;Поршень BMW M50B20/TU1;12;2 900,00  ;;
1320-608006G;HAMMERSCHMIDT;Поршень BMW M52B20;12;2 500,00  ;;
1320-608006G 0.50;HAMMERSCHMIDT;Поршень BMW M52B20;12;2 500,00  ;;
1320-60840AG;HAMMERSCHMIDT;Поршень BMW M52B25;6;3 000,00  ;;
1321-408501G;HAMMERSCHMIDT;Поршень BMW M43TU (без колец);4;1 710,00  ;;
1321-608402DB 0,50;HAMMERSCHMIDT;Поршень BMW M57D30 (без колец);6;2 940,00  ;;
1503-1946;HAMMERSCHMIDT;Вкладыши CHRYSLER 201CID / 203 CID (к);1;2 000,00  ;;
1503-1946 0,25;HAMMERSCHMIDT;Вкладыши CHRYSLER 201CID / 203 CID (к);4;2 500,00  ;;
1503-2216;HAMMERSCHMIDT;Вкладыши CHRYSLER 287 CID (к);4;1 000,00  ;;
1504-1410 0,25;HAMMERSCHMIDT;Вкладыши CHRYSLER 201/230 CID (ш);5;500,00  ;;
1621-407851G;HAMMERSCHMIDT;Поршень CITROEN NFU/NFX (без колец) STD;4;1 880,00  ;;
1703-1900;HAMMERSCHMIDT;Вкладыши DAEWOO F8CV/F8B  (к);5;500,00  ;;
1703-1900 0,25;HAMMERSCHMIDT;Вкладыши DAEWOO F8CV/F8B  (к);4;700,00  ;;
1711-96182806;HAMMERSCHMIDT;Клапан DAEWOO (вп) A16DMS/A16MF;49;230,00  ;;
1714-306851G 0,50;HAMMERSCHMIDT;Кольца DAEWOO F8C;2;1 420,00  ;;
1714-406851G 0,50;HAMMERSCHMIDT;Кольца DAEWOO B10S  (+ 0,50 mm );5;2 650,00  ;;
1730-407651G;HAMMERSCHMIDT;Распредвал DAEWOO G15MF;3;5 000,00  ;;
2003-2430;HAMMERSCHMIDT;Вкладыши FIAT 8140.23/38/43 MJ96 (HOLE TYPE)  (к);3;2 000,00  ;;
2003-2430 0,25;HAMMERSCHMIDT;Вкладыши FIAT 8140.23/38/43 MJ96 (HOLE TYPE)  (к);5;2 000,00  ;;
2003-2430 0,50;HAMMERSCHMIDT;Вкладыши FIAT 8140.23/38/43 MJ96 (HOLE TYPE)  (к);4;2 000,00  ;;
2004-2410 0,25;HAMMERSCHMIDT;Вкладыши FIAT 8140.23/.38/.43 (ш);4;1 000,00  ;;
2004-2410 0,50;HAMMERSCHMIDT;Вкладыши FIAT 8140.23/.38/.43 (ш);5;1 000,00  ;;
2020-408302DA;HAMMERSCHMIDT;Поршень FIAT D8B/DHX/XUD STD;8;3 110,00  ;;
2103-5018 0,50;HAMMERSCHMIDT;Вкладыши FORD ABFA/D2FA/D5BA/F4FA (к);3;2 000,00  ;;
2103-5593 0,25;HAMMERSCHMIDT;Вкладыши FORD L1E/F/G/NGA/RKA (к);3;700,00  ;;
2104-4066 0,50;HAMMERSCHMIDT;Вкладыши FORD ABFA/D2FA-D4FA (ш);5;800,00  ;;
2104-4780 0,25;HAMMERSCHMIDT;Вкладыши FORD L1E/F/G/NGA/RKA (ш);4;500,00  ;;
2112-1121332;HAMMERSCHMIDT;Клапан FORD (вып) ABFA/D3FA/F3FA;24;380,00  ;;
2112-948M6505C2A;HAMMERSCHMIDT;Клапан FORD (вып) FYDA/L1H/K/L/N/Q/T/V (3 нас);200;300,00  ;;
2114-407901G 0,50;HAMMERSCHMIDT;Кольца FORD FYDA FYDB;8;2 500,00  ;;
2120-407602G;HAMMERSCHMIDT;Поршни FORD FXDA FXDB;4;3 000,00  ;;
2120-407901G 0,50;HAMMERSCHMIDT;Поршни FORD FYDA FYDB;4;3 460,00  ;;
2120-408252DA;HAMMERSCHMIDT;Поршень FORD RFA/D/N/S/U/RVA;20;2 000,00  ;;
2120-408252DA 0,50;HAMMERSCHMIDT;Поршень FORD RFA/D/N/S/U/RVA (+ 0,50 mm );4;2 050,00  ;;
2120-408254DB;HAMMERSCHMIDT;Поршень FORD F9DA/F9DB;16;3 000,00  ;;
2120-408254DB 0,50;HAMMERSCHMIDT;Поршни FORD F9DA F9DB;20;3 000,00  ;;
2120-408301G;HAMMERSCHMIDT;Поршень FORD CGBA/CGBB/CHBA/CHBB;1;3 310,00  ;;
2120-408601DB 0,50;HAMMERSCHMIDT;Поршни FORD PGFA QWFA;20;3 500,00  ;;
2120-408601G 0,50;HAMMERSCHMIDT;Поршень FORD N9K/N9L/NSD (+ 0,50 mm );12;1 500,00  ;;
2120-408603DB;HAMMERSCHMIDT;Поршень FORD F3FA/FIFA/HJBA STD;4;3 140,00  ;;
2120-408991DA;HAMMERSCHMIDT;Поршень FORD DOFA STD;4;2 650,00  ;;
2120-408992DA;HAMMERSCHMIDT;Поршень FORD D2FA/F4FA STD;4;2 650,00  ;;
2121-409370DA;HAMMERSCHMIDT;Поршень FORD 4AB/BA/BB/CA/FA (без колец) STD;4;1 880,00  ;;
2203-9780 0,25;HAMMERSCHMIDT;Вкладыши HONDA K24A (к);4;800,00  ;;
2211-14711P75;HAMMERSCHMIDT;Клапан HONDA (вп) B18C2,B20B;4;430,00  ;;
2211-14711PM3;HAMMERSCHMIDT;Клапан HONDA (вп) ZC/D13/D15;6;290,00  ;;
2211-14711PT5;HAMMERSCHMIDT;Клапан HONDA (вп) F22/F22A/H23A1;14;240,00  ;;
2214-407501G 0,50;HAMMERSCHMIDT;Кольца HONDA D16A/A6  (+ 0,50 mm );1;2 120,00  ;;
2214-407502G;HAMMERSCHMIDT;Кольца HONDA D13/15B  STD;2;3 040,00  ;;
2214-407502G 0,50;HAMMERSCHMIDT;Кольца HONDA D13/15B  (+ 0,50 mm );1;2 650,00  ;;
2214-407503G;HAMMERSCHMIDT;Кольца HONDA D13/15B;1;1 440,00  ;;
2214-407506G;HAMMERSCHMIDT;Кольца HONDA D15Z/17Z2;1;1 440,00  ;;
2214-407506G 0,50;HAMMERSCHMIDT;Кольца HONDA D15Z/17Z2  (+ 0,50 mm );1;3 100,00  ;;
2214-408101G;HAMMERSCHMIDT;Кольца HONDA B20A3  STD;2;4 030,00  ;;
2214-408102G;HAMMERSCHMIDT;Кольца HONDA R18A1 R18A2;9;2 270,00  ;;
2214-408103G;HAMMERSCHMIDT;Кольца HONDA B16B/A2  STD;2;2 440,00  ;;
2214-408601G;HAMMERSCHMIDT;Кольца HONDA K20A;10;2 000,00  ;;
2221-14001000;HAMMERSCHMIDT;Поршень HONDA F18A (без колец) STD;16;1 000,00  ;;
2221-14001020;HAMMERSCHMIDT;Поршень HONDA F18A (без колец) + 0.50mm ;7;1 000,00  ;;
2221-14004000;HAMMERSCHMIDT;Поршень HONDA D16Z6  (без колец) STD;79;800,00  ;;
2221-14004020;HAMMERSCHMIDT;Поршень HONDA D16Z6  (без колец) (+0,5 mm) ;4;690,00  ;;
2221-407501G;HAMMERSCHMIDT;Поршень HONDA D16A (без колец) STD;4;710,00  ;;
2221-407501G 0,50;HAMMERSCHMIDT;Поршень HONDA D16A (без колец) (+ 0,50 mm );4;710,00  ;;
2221-407502G;HAMMERSCHMIDT;Поршень HONDA CIVIC (без колец) STD;4;710,00  ;;
2221-407507G 0,50;HAMMERSCHMIDT;Поршень HONDA D16Z6 (без колец);4;720,00  ;;
2221-40750BG;HAMMERSCHMIDT;Поршень HONDA D16Y7 (без колец);20;1 000,00  ;;
2221-40750EG 0,50;HAMMERSCHMIDT;Поршень HONDA D17A1 (без колец);4;1 150,00  ;;
2221-408108G;HAMMERSCHMIDT;Поршни  HONDA R18A1 R18A2 (без колец);12;1 000,00  ;;
2310-409113D;HAMMERSCHMIDT;Головка блока цилиндров HYUNDAI 4D56/T D4BA;2;22 000,00  ;;
2310-409114D;HAMMERSCHMIDT;Головка блока цилиндров HYUNDAI 4D56/T D4BA;2;22 000,00  ;;
2311-22211230;HAMMERSCHMIDT;Клапан HYUNDAI  (вп) G4GM/G4FG;2;190,00  ;;
2311-22211236;HAMMERSCHMIDT;Клапан HYUNDAI  (вп) G4JP;199;200,00  ;;
2311-22211372;HAMMERSCHMIDT;Клапан HYUNDAI G6BV (вп);68;300,00  ;;
2312-22212220;HAMMERSCHMIDT;Клапан HYUNDAI G4EA/G4EH (вып);160;380,00  ;;
2312-22212230;HAMMERSCHMIDT;Клапан HYUNDAI  (вып) G4GM/G4FG;1;250,00  ;;
2312-22212260;HAMMERSCHMIDT;Клапан HYUNDAI G4FK (вып);96;460,00  ;;
2312-222124A0;HAMMERSCHMIDT;Клапан HYUNDAI  (вып) D4CB;58;370,00  ;;
2314-407151G 0,50;HAMMERSCHMIDT;Кольца HYUNDAI G4EH;10;2 270,00  ;;
2321-14059000;HAMMERSCHMIDT;Поршень HYUNDAI G4EK 1.5  (без колец);4;570,00  ;;
2321-14061000;HAMMERSCHMIDT;Поршень HYUNDAI G4N 1.3  (без колец);4;570,00  ;;
2321-407553G;HAMMERSCHMIDT;Поршень HYUNDAI  G4EK/G4FK (без колец);4;1 110,00  ;;
2321-407553G 0,50;HAMMERSCHMIDT;Поршень HYUNDAI  G4EK/G4FK (без колец);4;960,00  ;;
2321-409101DB;HAMMERSCHMIDT;Поршень HYUNDAI D4CB (без колец) STD;4;4 200,00  ;;
2503-4651;HAMMERSCHMIDT;Вкладыши ISUZU 4JB1/4JH1/T (к);2;2 500,00  ;;
2503-4651 0,25;HAMMERSCHMIDT;Вкладыши ISUZU 4JB1/4JH1/T (к);1;1 000,00  ;;
2503-4660;HAMMERSCHMIDT;Вкладыши ISUZU 6VD1 (к);4;1 000,00  ;;
2503-4660 0,25;HAMMERSCHMIDT;Вкладыши ISUZU 6VD1 (к);2;1 000,00  ;;
2511-641025;HAMMERSCHMIDT;Клапан ISUZU (вп) 4EE2-TC/Y17DT  ;4;340,00  ;;
2512-641369;HAMMERSCHMIDT;Клапан ISUZU (вып) 4EE2-TC/Y17DT  ;5;370,00  ;;
2514-609343G;HAMMERSCHMIDT;Кольца ISUZU 6VE1;3;9 150,00  ;;
2521-409542DA;HAMMERSCHMIDT;Поршень ISUZU 4JG2 (без колец) STD;3;1 200,00  ;;
2521-609343G;HAMMERSCHMIDT;Поршень ISUZU 6VE1 (без колец);6;1 000,00  ;;
2521-609343G 0,50;HAMMERSCHMIDT;Поршень ISUZU 6VE1 (без колец);6;1 000,00  ;;
3103-8108;HAMMERSCHMIDT;Вкладыши MAZDA B3/B5/B6/BP (к);6;1 500,00  ;;
3103-8108 0,25;HAMMERSCHMIDT;Вкладыши MAZDA B3/B5/B6/BP (к);1;1 500,00  ;;
3103-8108 0,50;HAMMERSCHMIDT;Вкладыши MAZDA B3/B5/B6/BP (к);5;1 500,00  ;;
3103-8111;HAMMERSCHMIDT;Вкладыши MAZDA FE/F6/F8 (к) STD;1;1 000,00  ;;
3103-8111 0,50;HAMMERSCHMIDT;Вкладыши MAZDA FE/F6/F8 (к) (+ 0,50 mm );1;1 000,00  ;;
3103-8310;HAMMERSCHMIDT;Вкладыши MAZDA KJ/KL (к);2;1 000,00  ;;
3103-8418;HAMMERSCHMIDT;Вкладыши MAZDA RF/R2 (к);2;1 000,00  ;;
3103-8418 0,25;HAMMERSCHMIDT;Вкладыши MAZDA RF/R2 (к);3;1 000,00  ;;
3104-3282 0,25;HAMMERSCHMIDT;Вкладыши MAZDA L3 (ш);14;1 000,00  ;;
3104-3282 0,50;HAMMERSCHMIDT;Вкладыши MAZDA L3 (ш);12;1 000,00  ;;
3104-3285;HAMMERSCHMIDT;Вкладыши MAZDA ZY/Z6 (ш);9;800,00  ;;
3104-3285 0,25;HAMMERSCHMIDT;Вкладыши MAZDA ZY/Z6 (ш);4;1 000,00  ;;
3104-8108;HAMMERSCHMIDT;Вкладыши MAZDA B6/BP (ш);2;500,00  ;;
3104-8108 0,25;HAMMERSCHMIDT;Вкладыши MAZDA B6/BP (ш);5;500,00  ;;
3104-8310;HAMMERSCHMIDT;Вкладыши MAZDA KJ/KL (ш);3;1 000,00  ;;
3104-8413 0,25;HAMMERSCHMIDT;Вкладыши MAZDA KF/K8  (ш);5;1 000,00  ;;
3104-8419 0,25;HAMMERSCHMIDT;Вкладыши MAZDA RF/T (ш);4;1 000,00  ;;
3111-54112111;HAMMERSCHMIDT;Клапан MAZDA (вп) B6, ;14;200,00  ;;
3111-69512111;HAMMERSCHMIDT;Клапан MAZDA (вп) B5/B6/BP, ;8;180,00  ;;
3111-E3N12111;HAMMERSCHMIDT;Клапан MAZDA (вп) FE;41;270,00  ;;
3111-S0112111;HAMMERSCHMIDT;Клапан MAZDA (вп) FS;49;240,00  ;;
3112-36612121;HAMMERSCHMIDT;Клапан MAZDA (вып) B3;71;370,00  ;;
3112-69512121;HAMMERSCHMIDT;Клапан MAZDA (вып) B5/B6/BP, ;13;200,00  ;;
3112-E3N12121;HAMMERSCHMIDT;Клапан MAZDA (вып) FE;36;430,00  ;;
3112-ZL0212121;HAMMERSCHMIDT;Клапан MAZDA ZL/M (вып);20;590,00  ;;
3114-14009020;HAMMERSCHMIDT;Кольца MAZDA B3,   +0,50mm;1;1 780,00  ;;
3114-408302G 0,50;HAMMERSCHMIDT;Кольца MAZDA BP  (+ 0,50 mm );1;2 120,00  ;;
3121-408303G;HAMMERSCHMIDT;Поршень MAZDA BP (без колец) STD;4;1 370,00  ;;
3121-408303G 0,50;HAMMERSCHMIDT;Поршень MAZDA BP (без колец) (+ 0,50 mm );4;1 370,00  ;;
3130-409302D;HAMMERSCHMIDT;Распредвал MAZDA / FORD WLT;2;5 000,00  ;;
3203-5482;HAMMERSCHMIDT;Вкладыши MB OM601 (к);3;1 000,00  ;;
3204-3696 0,25;HAMMERSCHMIDT;Вкладыши MB M160  (ш);5;800,00  ;;
3204-4384 0,25;HAMMERSCHMIDT;Вкладыши MB M166/OM668 (ш);2;800,00  ;;
3204-5518 0,50;HAMMERSCHMIDT;Вкладыши MB OM611/OM646 (ш);7;1 000,00  ;;
3210-408801D;HAMMERSCHMIDT;Головка блока цилиндров MB OM611;6;40 000,00  ;;
3210-408803D;HAMMERSCHMIDT;Головка блока цилиндров MB OM611;6;40 000,00  ;;
3212-6010501227;HAMMERSCHMIDT;Клапан MB (вып) OM601/602/603;160;380,00  ;;
3220-108702DB;HAMMERSCHMIDT;Поршень MB OM602/603 STD;3;3 440,00  ;;
3220-108703DA;HAMMERSCHMIDT;Поршень MB OM604/605/606;12;3 000,00  ;;
3220-108703DA 0,50;HAMMERSCHMIDT;Поршень MB OM604/605/606 (+ 0,50 mm );5;2 370,00  ;;
3220-108704DB;HAMMERSCHMIDT;Поршень MB OM605/606 STD;6;4 200,00  ;;
3220-108802DB;HAMMERSCHMIDT;Поршень MB OM611/612/613;5;4 320,00  ;;
3220-108803DB;HAMMERSCHMIDT;Поршень MB OM646/OM647/OM648 STD;5;2 500,00  ;;
3220-108803DB 0,50;HAMMERSCHMIDT;Поршень MB OM646/OM647/OM648;24;3 000,00  ;;
3220-108902DA;HAMMERSCHMIDT;Поршень MB OM601/602/661/662 STD;2;2 250,00  ;;
3220-408901G;HAMMERSCHMIDT;Поршень MB M102;4;3 720,00  ;;
3220-408901G 1,00;HAMMERSCHMIDT;Поршень MB M102;4;5 150,00  ;;
3220-408992G;HAMMERSCHMIDT;Поршень MB M111 STD;4;2 120,00  ;;
3220-408993G;HAMMERSCHMIDT;Поршень MB M111 STD;4;2 120,00  ;;
3220-408993G 0,50;HAMMERSCHMIDT;Поршень MB M111 (+ 0,50 mm );4;2 120,00  ;;
3220-409551G 0,50;HAMMERSCHMIDT;Поршень MB M102;8;4 000,00  ;;
3220-608291G 0,50;HAMMERSCHMIDT;Поршень MB M103;6;2 000,00  ;;
3244-306351G;HAMMERSCHMIDT;Комплект газораспределения SMART 600;10;5 000,00  ;;
3303-7281 0,50;HAMMERSCHMIDT;Вкладыши MITSUBISHI G63/4D68/T (к);9;1 600,00  ;;
3303-7283;HAMMERSCHMIDT;Вкладыши MITSUBISHI 4G63 (к);3;800,00  ;;
3303-7285 0,50;HAMMERSCHMIDT;Вкладыши MITSUBISHI 6G71/6G72 (к) (+ 0,50 mm );1;750,00  ;;
3303-7700 0,25;HAMMERSCHMIDT;Вкладыши MITSUBISHI 6G74 (к);1;1 030,00  ;;
3311-MD088811;HAMMERSCHMIDT;Клапан MITSUBISHI 6G72 (вп);184;300,00  ;;
3311-MD127840;HAMMERSCHMIDT;Клапан MITSUBISHI (вп) 4G61/4G63B;96;370,00  ;;
3311-MD128435;HAMMERSCHMIDT;Клапан MITSUBISHI 4G13/15 (вп);63;380,00  ;;
3311-MD135481;HAMMERSCHMIDT;Клапан MITSUBISHI 6G72/T (вп);127;460,00  ;;
3311-MD162799;HAMMERSCHMIDT;Клапан MITSUBISHI (вп) 4G91, ;82;200,00  ;;
3311-MD198403;HAMMERSCHMIDT;Клапан MITSUBISHI (вп) 4D56/T/D4BH;12;320,00  ;;
3312-MD149314;HAMMERSCHMIDT;Клапан MITSUBISHI (вып) 4G13/4G15;107;460,00  ;;
3312-MD197106;HAMMERSCHMIDT;Клапан MITSUBISHI (вып) 4G63;40;530,00  ;;
3312-MD198405;HAMMERSCHMIDT;Клапан MITSUBISHI (вып) 4D56/T/D4BH;24;380,00  ;;
3314-407553G 0,50;HAMMERSCHMIDT;Кольца MITSUBISHI 4G15-S3;9;1 500,00  ;;
3314-407601G;HAMMERSCHMIDT;Кольца MITSUBISHI 4G18;4;2 000,00  ;;
3314-407601G 0,50;HAMMERSCHMIDT;Кольца поршневые 4G18;2;2 150,00  ;;
3314-408102G 0,50;HAMMERSCHMIDT;Кольца MITSUBISHI 4G92/G93;1;1 310,00  ;;
3314-408151G;HAMMERSCHMIDT;Кольца MITSUBISHI 4G94;6;1 500,00  ;;
3314-408151G 0,50;HAMMERSCHMIDT;Кольца MITSUBISHI 4G94  (+ 0,50 mm );1;2 160,00  ;;
3314-408503G;HAMMERSCHMIDT;Кольца MITSUBISHI 4G63/G63;3;1 580,00  ;;
3314-408504G;HAMMERSCHMIDT;Кольца MITSUBISHI 4G63/G63D;9;2 000,00  ;;
3314-408701G;HAMMERSCHMIDT;Кольца MITSUBISHI 4G69;1;4 530,00  ;;
3314-409501D;HAMMERSCHMIDT;Кольца MITSUBISHI 4DR7/4M40;1;2 510,00  ;;
3314-607841G;HAMMERSCHMIDT;Кольца MITSUBISHI 6A12  STD;1;2 650,00  ;;
3314-608351G;HAMMERSCHMIDT;Кольца MITSUBISHI 6G73;2;4 000,00  ;;
3314-609112G 0,50;HAMMERSCHMIDT;Кольца MITSUBISHI 6G72/T;1;3 590,00  ;;
3321-14029020;HAMMERSCHMIDT;Поршень MITSUBISHI 4G92 G92-S4 (без колец) +0,50mm ;32;500,00  ;;
3321-408103G 0,50;HAMMERSCHMIDT;Поршень MITSUBISHI 4G92 (без колец);12;800,00  ;;
3321-408105G;HAMMERSCHMIDT;Поршень MITSUBISHI 4G93 (без колец);4;830,00  ;;
3321-408106G;HAMMERSCHMIDT;Поршень MITSUBISHI 4G93 (без колец) STD;8;1 800,00  ;;
3321-408506G;HAMMERSCHMIDT;Поршень MITSUBISHI 4G63/G63D (без колец);17;800,00  ;;
3321-408701G;HAMMERSCHMIDT;Поршни  MITSUBISHI 4G69 (без колец);20;1 500,00  ;;
3321-409112D 0,50;HAMMERSCHMIDT;Поршень MITSUBISHI 4D56 (без колец);4;1 000,00  ;;
3321-409505DB 0,50;HAMMERSCHMIDT;Поршень MITSUBISHI 4M42-0AT (без колец);4;3 890,00  ;;
3321-609112G 0,50;HAMMERSCHMIDT;Поршень MITSUBISHI 6G72(L/R) (без колец);6;1 800,00  ;;
3321-609115G 0,50;HAMMERSCHMIDT;Поршень MITSUBISHI 6G72(L/R) (без колец);12;2 360,00  ;;
3330-409112D;HAMMERSCHMIDT;Распредвал MITSUBISHI 4D56/T;7;5 000,00  ;;
3403-2068;HAMMERSCHMIDT;Вкладыши NISSAN GA13-GA16/QG18DE (к);1;1 150,00  ;;
3403-2068 0,25;HAMMERSCHMIDT;Вкладыши NISSAN GA13-GA16/QG18DE (к);1;730,00  ;;
3403-2068 0,50;HAMMERSCHMIDT;Вкладыши NISSAN GA13-GA16/QG18DE (к) (+ 0,50 mm );2;700,00  ;;
3403-2090 0,25;HAMMERSCHMIDT;Вкладыши NISSAN VQ20/25/30/35DE (к);3;1 500,00  ;;
3403-2632;HAMMERSCHMIDT;Вкладыши NISSAN RD28 (к);1;1 960,00  ;;
3403-2632 0,25;HAMMERSCHMIDT;Вкладыши NISSAN RD28 (к) (+ 0,25 mm);1;1 770,00  ;;
3403-3035;HAMMERSCHMIDT;Вкладыши NISSAN BD30/TD23/25/27/QD32/T (к);1;1 420,00  ;;
3403-3035 0,25;HAMMERSCHMIDT;Вкладыши NISSAN BD30/TD23/25/27/QD32/T (к) (+ 0,25 mm);1;1 300,00  ;;
3404-0001 0,25;HAMMERSCHMIDT;Вкладыши NISSAN QR20DE/QR25DE (ш);4;1 000,00  ;;
3404-2632 0,25;HAMMERSCHMIDT;Вкладыши NISSAN RD28 (ш) (+ 0,25 mm);1;890,00  ;;
3404-3029 0,25;HAMMERSCHMIDT;Вкладыши NISSAN ZD30/ZD30TI (ш);1;750,00  ;;
3404-3036;HAMMERSCHMIDT;Вкладыши NISSAN TD25/TD27/T/QD32/T (ш);2;950,00  ;;
3404-3036 0,25;HAMMERSCHMIDT;Вкладыши NISSAN TD25/TD27/T/QD32/T (ш) (+ 0,25 mm);1;890,00  ;;
3411-1320138U0;HAMMERSCHMIDT;Клапан NISSAN (вп) VQ30DE;6;200,00  ;;
3411-132018H30;HAMMERSCHMIDT;Клапан NISSAN QR20/25DE (вп);34;430,00  ;;
3412-1320257Y;HAMMERSCHMIDT;Клапан NISSAN (вып) GA14D/16D/GA14/16;110;450,00  ;;
3414-16046000;HAMMERSCHMIDT;Кольца NISSAN TSD 2.0 / VQ20 STD;2;2 280,00  ;;
3414-407303G;HAMMERSCHMIDT;Кольца NISSAN CR14DE;11;1 600,00  ;;
3414-407606G;HAMMERSCHMIDT;Кольца NISSAN QG16DE;8;1 500,00  ;;
3414-407804G;HAMMERSCHMIDT;Кольца NISSAN HR16DE;15;1 500,00  ;;
3414-408002G;HAMMERSCHMIDT;Кольца NISSAN QG18DE;11;1 800,00  ;;
3414-408002G 0,50;HAMMERSCHMIDT;Кольца NISSAN QG18DE;2;1 500,00  ;;
3414-408401G;HAMMERSCHMIDT;Кольца NISSAN MR18DE MR20DE;4;1 500,00  ;;
3414-408601D 0,50;HAMMERSCHMIDT;Кольца NISSAN YD22DDT/DDTI/ETI/TDI  (+ 0,50 mm );1;2 650,00  ;;
3414-408903D;HAMMERSCHMIDT;Кольца NISSAN YD25DDTI;2;3 000,00  ;;
3414-408903D 0,50;HAMMERSCHMIDT;Кольца NISSAN YD25DDTI;8;3 000,00  ;;
3414-607601G 0,50;HAMMERSCHMIDT;Кольца NISSAN VQ20DE  (+ 0,50 mm );1;3 140,00  ;;
3414-609301G 0,50;HAMMERSCHMIDT;Кольца NISSAN VQ30DE  (+ 0,50 mm );1;3 140,00  ;;
3414-609551G;HAMMERSCHMIDT;Кольца NISSAN VQ35/40DE;2;2 100,00  ;;
3421-16045020;HAMMERSCHMIDT;Поршень NISSAN TSD 2.0/VQ20 (без колец) +0,50 mm ;6;900,00  ;;
3421-407608G;HAMMERSCHMIDT;Поршень NISSAN GA16DE (без колец);1;1 290,00  ;;
3421-40760HG;HAMMERSCHMIDT;Поршень NISSAN QG16DE (без колец);4;1 000,00  ;;
3421-408002G 0,50;HAMMERSCHMIDT;Поршень NISSAN QG18DE (без колец);8;1 560,00  ;;
3421-408003G;HAMMERSCHMIDT;Поршень NISSAN QG18DE (без колец);4;1 000,00  ;;
3421-408401G;HAMMERSCHMIDT;Поршни  NISSAN MR18DE (без колец);16;1 500,00  ;;
3421-408908G;HAMMERSCHMIDT;Поршень NISSAN QR20DE (без колец);2;1 500,00  ;;
3421-409606DB 0,50;HAMMERSCHMIDT;Поршень NISSAN TD27TI (без колец);4;2 800,00  ;;
3421-607601G 0,50;HAMMERSCHMIDT;Поршень NISSAN VQ20DE (без колец);6;920,00  ;;
3421-607603G;HAMMERSCHMIDT;Поршень NISSAN VQ20DE (без колец);6;1 800,00  ;;
3421-609301G 0,50;HAMMERSCHMIDT;Поршень NISSAN VQ30DE (без колец);6;1 800,00  ;;
3503-0001 0,25;HAMMERSCHMIDT;Вкладаши (к) OPEL C18NZ;3;1 500,00  ;;
3504-0001;HAMMERSCHMIDT;Вкладыши OPEL Y22XE (ш);5;800,00  ;;
3520-407341G 0,50;HAMMERSCHMIDT;Поршень OPEL Z12XEP (+ 0,50 mm );4;2 120,00  ;;
3520-407764G 0,50;HAMMERSCHMIDT;Поршень OPEL Z 1,4 XE (+ 0,50 mm );4;1 580,00  ;;
3520-407902G 0,50;HAMMERSCHMIDT;Поршни OPEL C1.6NZ/C;8;2 000,00  ;;
3520-407902G 1,00;HAMMERSCHMIDT;Поршень OPEL C16NZ;4;1 630,00  ;;
3520-408401DA 0,50;HAMMERSCHMIDT;Поршень OPEL X/Y 20 DTL TURBO (+ 0,50 mm );4;2 120,00  ;;
3520-40840ADB;HAMMERSCHMIDT;Поршень OPEL M9R;14;6 000,00  ;;
3520-408605G;HAMMERSCHMIDT;Поршень OPEL X20XEV;4;1 330,00  ;;
3520-408605G 0,50;HAMMERSCHMIDT;Поршни OPEL C2.0XEV/X;16;2 500,00  ;;
3520-408608G;HAMMERSCHMIDT;Поршень OPEL 2.0 NE;16;2 500,00  ;;
3520-408608G 1,00;HAMMERSCHMIDT;Поршень OPEL 2.0 NE (+ 1,00 mm );4;1 580,00  ;;
3521-408402DA 0,50;HAMMERSCHMIDT;Поршень OPEL X20DTH TURBO (без колец) (+ 0,50 mm );12;1 500,00  ;;
3521-408607G;HAMMERSCHMIDT;Поршень OPEL Z 2,2 SE (без колец);8;1 420,00  ;;
3703-5002 0,25;HAMMERSCHMIDT;Вкладыши RENAULT G8T/G9T (к);1;1 560,00  ;;
3720-407601DA;HAMMERSCHMIDT;Поршень RENAULT K9K;20;3 000,00  ;;
3720-407601DA 0,50;HAMMERSCHMIDT;Поршни RENAULT K9K;20;2 000,00  ;;
3720-407951G 0,50;HAMMERSCHMIDT;Поршень RENAULT K4M;4;3 310,00  ;;
3720-407952G;HAMMERSCHMIDT;Поршень RENAULT K4J;20;3 000,00  ;;
3720-407952G 0,50;HAMMERSCHMIDT;Поршень RENAULT K4J (+ 0,50 mm );8;1 580,00  ;;
3720-407955G 0,50;HAMMERSCHMIDT;Поршни RENAULT K4M;20;2 000,00  ;;
3720-408003DB;HAMMERSCHMIDT;Поршень RENAULT F8QT STD;4;3 140,00  ;;
3720-408703DA 0.50;HAMMERSCHMIDT;Поршень RENAULT G9T;4;3 790,00  ;;
4203-5700 0,25;HAMMERSCHMIDT;Вкладыши SUBARU EJ15/16/18/20/22/25 (к);5;1 400,00  ;;
4214-409203G 0,50;HAMMERSCHMIDT;Кольца SUBARU EJ20/T;3;5 500,00  ;;
4214-409953G;HAMMERSCHMIDT;Кольца SUBARU EJ255/EJ257;11;7 000,00  ;;
4214-409953G 0,50;HAMMERSCHMIDT;Кольца SUBARU EJ255 EJ257;10;7 000,00  ;;
4221-409204G;HAMMERSCHMIDT;Поршень SUBARU EJ20T (без колец) STD;4;1 880,00  ;;
4303-5980;HAMMERSCHMIDT;Вкладыши SUZUKI J18A/J20A/H20A (к);4;1 500,00  ;;
4303-5980 0,25;HAMMERSCHMIDT;Вкладыши SUZUKI J18A/J20A/H20A (к);2;2 380,00  ;;
4303-5981;HAMMERSCHMIDT;Вкладыши SUZUKI H25A/H27A (к);1;2 600,00  ;;
4304-5980;HAMMERSCHMIDT;Вкладыши SUZUKI J18A/J20A/H20A (ш);4;800,00  ;;
4304-5980 0,25;HAMMERSCHMIDT;Вкладыши SUZUKI J18A/J20A/H20A (ш) (+ 0,25 mm);2;950,00  ;;
4311-1291185FA;HAMMERSCHMIDT;Клапан SUZUKI (вп) G16/H20A;10;270,00  ;;
4311-1291186FA;HAMMERSCHMIDT;Клапан SUZUKI (вп) J20A;29;470,00  ;;
4312-1291571;HAMMERSCHMIDT;Клапан SUZUKI (вып) G16A;80;510,00  ;;
4312-1291586;HAMMERSCHMIDT;Клапан SUZUKI (вып) J20A;96;520,00  ;;
4314-407801G;HAMMERSCHMIDT;Кольца SUBARU M13/15A  STD;2;2 050,00  ;;
4314-608801G 0,50;HAMMERSCHMIDT;Кольца SUBARU H27A  (+ 0,50 mm );2;3 950,00  ;;
4321-608801G;HAMMERSCHMIDT;Поршень SUZUKI H27A (без колец);6;3 070,00  ;;
4344-607801G;HAMMERSCHMIDT;Комплект газораспределения SUZUKI H25A/H27A;24;15 000,00  ;;
4403-9025 0,25;HAMMERSCHMIDT;Вкладыши TOYOTA 1AZ-FE/2AZ-FE (к);4;1 000,00  ;;
4403-9320;HAMMERSCHMIDT;Вкладыши TOYOTA 1MZ-FE (к);3;1 200,00  ;;
4403-9320 0,25;HAMMERSCHMIDT;Вкладыши TOYOTA 1MZ-FE (к);2;1 200,00  ;;
4403-9327 0,25;HAMMERSCHMIDT;Вкладыши TOYOTA 3VZ-E/5VZ-FE (к);5;1 000,00  ;;
4403-9330;HAMMERSCHMIDT;Вкладыши TOYOTA 1/2/3ZZ-FE (к);1;790,00  ;;
4403-9331;HAMMERSCHMIDT;Вкладыши TOYOTA 2ZZ-GE (к) (2 oil holes);1;800,00  ;;
4403-9383 0,25;HAMMERSCHMIDT;Вкладыши TOYOTA 1HZ/T/1HDT (к);2;1 420,00  ;;
4403-9411 0,25;HAMMERSCHMIDT;Вкладыши TOYOTA L/2L/3L/5L (к);4;1 000,00  ;;
4404-9025;HAMMERSCHMIDT;Вкладыши шатунные 1/2/3ZZ-FE;1;580,00  ;;
4404-9320;HAMMERSCHMIDT;Вкладыши TOYOTA 1MZ-FE (ш);4;900,00  ;;
4404-9327;HAMMERSCHMIDT;Вкладыши TOYOTA 3VZE (ш);4;1 000,00  ;;
4404-9327 0,25;HAMMERSCHMIDT;Вкладыши TOYOTA 3VZE (ш);5;1 000,00  ;;
4404-9375;HAMMERSCHMIDT;Вкладыши TOYOTA 1C/2C/T/3C/T (ш) STD;1;1 090,00  ;;
4404-9375 0,25;HAMMERSCHMIDT;Вкладыши TOYOTA 1C/2C/T/3C/T (ш) (+ 0,25 mm);2;1 090,00  ;;
4404-9383 0,25;HAMMERSCHMIDT;Вкладыши TOYOTA 1HZ/T/1HDT (ш) (+ 0,25 mm);2;1 050,00  ;;
4404-9410;HAMMERSCHMIDT;Вкладыши TOYOTA 2L/T/3L/5L (ш);4;800,00  ;;
4404-9410 0,25;HAMMERSCHMIDT;Вкладыши TOYOTA 2L/T/3L/5L (ш);4;800,00  ;;
4411-1371116;HAMMERSCHMIDT;Клапан TOYOTA (вп) 4AFE;22;320,00  ;;
4412-1371516;HAMMERSCHMIDT;Клапан TOYOTA 4/7AFE (вып);58;590,00  ;;
4414-407901G 0,50;HAMMERSCHMIDT;Кольца TOYOTA 1/3/4ZZ-FE;1;1 510,00  ;;
4414-408603G 0,50;HAMMERSCHMIDT;Кольца TOYOTA 3S-FE;1;2 830,00  ;;
4414-608753G 0,50;HAMMERSCHMIDT;Кольца TOYOTA 1MZ-FE  (+ 0,50 mm );3;3 000,00  ;;
4414-609402D;HAMMERSCHMIDT;Кольца TOYOTA 1HD-FTE;3;7 000,00  ;;
4414-609402D 0,50;HAMMERSCHMIDT;Кольца TOYOTA 1HD-FTE;2;7 000,00  ;;
4414-609404G;HAMMERSCHMIDT;Кольца TOYOTA 1GR-FE;5;3 500,00  ;;
4414-809401G;HAMMERSCHMIDT;Кольца TOYOTA 2UZ-FE;4;5 000,00  ;;
4414-809401G 0,50;HAMMERSCHMIDT;Кольца TOYOTA 2UZ-FE;1;5 000,00  ;;
4421-16052020;HAMMERSCHMIDT;Поршень TOYOTA 2VZ-FE (без колец), +0.50 mm ;6;690,00  ;;
4421-408606G;HAMMERSCHMIDT;Поршень TOYOTA 3S-FE (без колец) STD;4;2 120,00  ;;
4421-408855G 0,50;HAMMERSCHMIDT;Поршень TOYOTA 2AZ-FE (без колец);4;1 000,00  ;;
4421-609201G 0,50;HAMMERSCHMIDT;Поршень TOYOTA 3MZ-FE (без колец);18;1 000,00  ;;
4421-609400DA;HAMMERSCHMIDT;Поршень TOYOTA 1HZ (без колец);6;2 360,00  ;;
4421-609400DA 0,50;HAMMERSCHMIDT;Поршень TOYOTA 1HZ (без колец);6;2 360,00  ;;
4421-609404DA;HAMMERSCHMIDT;Поршень TOYOTA 1HDT (без колец);6;2 360,00  ;;
4421-609404DA 0,50;HAMMERSCHMIDT;Поршень TOYOTA 1HDT (без колец);6;2 360,00  ;;
4421-609407DB;HAMMERSCHMIDT;Поршень TOYOTA 1HD-FTE (без колец);6;4 100,00  ;;
4504-4622;HAMMERSCHMIDT;Вкладыши VAG 1V/ADK/1X/AY (ш);1;600,00  ;;
4512-028109611G;HAMMERSCHMIDT;Клапан VAG (вып) 1Z/AGR/AHU/AHH/ALH;146;360,00  ;;
4520-407653G 0,50;HAMMERSCHMIDT;Поршень VAG  AKK/ANW/AUD;8;3 800,00  ;;
13020-P1J-E00;HONDA;Поршень;1;5 000,00  ;;
22441-26003;HYUNDAI;Прокладка клапанной крышки;1;200,00  ;;
24315-42200;HYUNDAI;Ремень ГРМ;1;2 500,00  ;;
J1340903;JAKOPARTS;Фильтр салонный;3;500,00  ;;
LA47S;KNECHT;Фильтр салона W210;2;500,00  ;;
LAK295S;KNECHT;Фильтр салона;2;1 300,00  ;;
LX2036;KNECHT;Фильтр воздушный X5 E70;1;1 000,00  ;;
LX2813;KNECHT;Фильтр воздушный;3;700,00  ;;
LX494;KNECHT;Фильтр воздушный M54;4;550,00  ;;
LX759;KNECHT;Фильтр воздушный;1;700,00  ;;
LX944;KNECHT;Фильтр воздушный N52;2;900,00  ;;
90006020;KOLBENCO;Поршни BMW M40 B18 ME (E30.E34.E36);4;1 500,00  ;;
90129040;KOLBENCO;Поршни VW M/BUS 2.1L W/COOL 94MM;4;1 500,00  ;;
90429000;KOLBENCO;Поршни BMW M40B16M;4;1 500,00  ;;
90555040;KOLBENCO;Поршни OPEL 1600 (9.2:1) 79MM;4;1 000,00  ;;
93127020;KOLBENCO;Поршни BMW M20 B25 M1.Z7 KAT (E30.E34.Z1);6;1 500,00  ;;
93163000;KOLBENCO;Поршни VAG 2.2 (-88);3;1 000,00  ;;
93968000;KOLBENCO;Поршни MB 2.3 (-93);4;1 500,00  ;;
93968040;KOLBENCO;Поршни MB 2.3 (-93);4;1 500,00  ;;
97579020;KOLBENCO;Поршни FORD 1.6 (CVH);4;1 500,00  ;;
97596020;KOLBENCO;Поршни TOYOTA 1600 4A-L CARB;4;1 000,00  ;;
97611000;KOLBENCO;Поршни NISSAN Z24 2400 89MM;4;1 000,00  ;;
97611040;KOLBENCO;Поршни NISSAN Z24 2400 89MM;4;1 000,00  ;;
97616000;KOLBENCO;Поршни MAZDA/FORD B220086MM F2;4;1 500,00  ;;
97638020;KOLBENCO;Поршни MAZDA (FE);4;1 000,00  ;;
97638040;KOLBENCO;Поршни MAZDA (FE);4;1 000,00  ;;
26109;KOLBENSCHMIDT;Клапана MB (вп) m103 3,0, ;3;300,00  ;;
33046;KOLBENSCHMIDT;Клапан VAG (вп) (50004462) (TRW), ;2;220,00  ;;
261130;KOLBENSCHMIDT;Клапан;37;380,00  ;;
261131;KOLBENSCHMIDT;Клапан;9;580,00  ;;
331033;KOLBENSCHMIDT;Клапан впускной;13;400,00  ;;
331034;KOLBENSCHMIDT;Клапан;17;660,00  ;;
331119;KOLBENSCHMIDT;Клапан;8;270,00  ;;
331120;KOLBENSCHMIDT;Клапан;4;560,00  ;;
331126;KOLBENSCHMIDT;Клапан;8;1 970,00  ;;
331155;KOLBENSCHMIDT;Клапан;16;1 910,00  ;;
537503;KOLBENSCHMIDT;Клапан PEUG (вп) (50004565) (TRW) , ;5;300,00  ;;
539030;KOLBENSCHMIDT;Клапан;10;400,00  ;;
539031;KOLBENSCHMIDT;Клапан;2;710,00  ;;
40021620;KOLBENSCHMIDT;Поршни RENO 1,8 16V (F4P);4;4 000,00  ;;
40086600;KOLBENSCHMIDT;Поршень;8;6 340,00  ;;
40087600;KOLBENSCHMIDT;Поршень;4;4 730,00  ;;
40093700;KOLBENSCHMIDT;Поршень;1;3 360,00  ;;
40277600;KOLBENSCHMIDT;Поршень K7J;4;3 630,00  ;;
40277620;KOLBENSCHMIDT;Поршень K9K;1;3 630,00  ;;
40395600;KOLBENSCHMIDT;Поршень BMW;6;6 060,00  ;;
40422600;KOLBENSCHMIDT;Поршень;4;5 000,00  ;;
40759600;KOLBENSCHMIDT;Поршень 2.0 TFSI;12;7 000,00  ;;
50004105;KOLBENSCHMIDT;Клапана 116 3,8 +117;10;220,00  ;;
50004276;KOLBENSCHMIDT;Клапана m51 7mm, ;9;500,00  ;;
50004277;KOLBENSCHMIDT;Клапана m51 7mm, ;5;500,00  ;;
50004316;KOLBENSCHMIDT;Клапана 1,3 10/90-, ;4;380,00  ;;
50004566;KOLBENSCHMIDT;Клапана 2,5 TD TJ5, DK5ATE 3V, ;1;370,00  ;;
50004588;KOLBENSCHMIDT;Клапана 605+604.912 1нас, ;3;420,00  ;;
50004592;KOLBENSCHMIDT;Клапана abd 7mm, ;1;270,00  ;;
50006148;KOLBENSCHMIDT;Коромысло клапана двигателя;4;340,00  ;;
50006492;KOLBENSCHMIDT;Гидрокомпенсатор;3;620,00  ;;
50013753;KOLBENSCHMIDT;Фильтр салона E60;1;800,00  ;;
50014117;KOLBENSCHMIDT;Фильтр маслянный M642;1;300,00  ;;
77152600;KOLBENSCHMIDT;Вкладыши VAG (к) 1,9d std.;3;1 400,00  ;;
77152610;KOLBENSCHMIDT;Вкладыши VAG (к) 1,9d +0,25;2;1 520,00  ;;
77206610;KOLBENSCHMIDT;Вкладыши VAG (ш) 2,3 AAR +0,25;1;980,00  ;;
77213600;KOLBENSCHMIDT;Вкладыши шатунные 1Z/AHU/ABL/AAZ;12;690,00  ;;
77268600;KOLBENSCHMIDT;Вкладыши OPEL (ш) 2,0-2,2 4V STD;1;750,00  ;;
77268610;KOLBENSCHMIDT;Вкладыши OPEL (ш) 2,0-2,2 4V;1;830,00  ;;
77292610;KOLBENSCHMIDT;Вкладыши VAG (ш) 2.5D ACV, AHD (SPUTTER - верх) ширина 20 мм;1;6 040,00  ;;
77307600;KOLBENSCHMIDT;Вкладыши шатунные (без замка)ADX, AEX, ANX KS;5;870,00  ;;
77512610;KOLBENSCHMIDT;Вкладыши MB (к) M112;2;1 710,00  ;;
77519600;KOLBENSCHMIDT;Вкладыши MB (к) OM602.940/OM612 (SPUTTER);1;10 000,00  ;;
77530600;KOLBENSCHMIDT;Вкладыши шатунные M102 (84- )+ M111;1;1 400,00  ;;
77531600;KOLBENSCHMIDT;Вкладыши MB (ш)  m103 + m104 std.;1;1 800,00  ;;
77534620;KOLBENSCHMIDT;Вкладыши VAG (к) 1,4 16V;1;1 710,00  ;;
77537600;KOLBENSCHMIDT;Вкладыши VAG (к) 1,6 AHL / 1,8 20V AGN;1;1 700,00  ;;
77537620;KOLBENSCHMIDT;Вкладыши VAG (к) 1,6 AHL / 1,8 20V AGN;1;1 720,00  ;;
77551600;KOLBENSCHMIDT;Вкладыши 1,6 2000- std.;7;2 260,00  ;;
77553600;KOLBENSCHMIDT;Вкладыши (к) 1,9tdi;2;1 600,00  ;;
77581600;KOLBENSCHMIDT;Вкладыши шатунные AWT AWM 1,4 16v + 1,8 турбо;1;1 400,00  ;;
77700620;KOLBENSCHMIDT;Вкладыши VAG (к) 2.4/2.7 V6 AGA 97-;2;1 300,00  ;;
77701610;KOLBENSCHMIDT;Вкладыши 2,5 tdi v6 afb +0,25;1;7 030,00  ;;
77730690;KOLBENSCHMIDT;Вкладыши MB (шв) OM606.910,911,912;1;750,00  ;;
77827600;KOLBENSCHMIDT;Вкладыши;1;12 200,00  ;;
77836610;KOLBENSCHMIDT;Вкладыши ;2;1 140,00  ;;
77836620;KOLBENSCHMIDT;Вкладыши;1;1 040,00  ;;
77837600;KOLBENSCHMIDT;Вкладыши шатунные K9K;19;1 000,00  ;;
77850610;KOLBENSCHMIDT;Вкладыши VAG (к) 2.8 V6 AAH, ABC 92-;2;2 280,00  ;;
77906600;KOLBENSCHMIDT;Вкладыши шатунные 1,8-2,0 TFSI (BZB,CABA,CABB,CABD,CDAA,CDHA,CDHB;7;5 700,00  ;;
77909690;KOLBENSCHMIDT;Втулка шатуна;2;640,00  ;;
77945600;KOLBENSCHMIDT;Вкладыши BMW N52 B25/B30;24;2 800,00  ;;
77945610;KOLBENSCHMIDT;Вкладыши BMW N52 B25/B30;14;2 800,00  ;;
77945620;KOLBENSCHMIDT;Вкладыши BMW N52 B25/B30;10;2 800,00  ;;
77947600;KOLBENSCHMIDT;Вкладышы коренный N52/54;11;3 000,00  ;;
77947610;KOLBENSCHMIDT;Вкладыши;5;3 000,00  ;;
77947620;KOLBENSCHMIDT;Вкладыши;5;3 000,00  ;;
78854608;KOLBENSCHMIDT;Вкладыши std, ;2;280,00  ;;
87205600;KOLBENSCHMIDT;Вкладыши VAG (к) 0.9-1.8 (с каналами) STD;2;1 630,00  ;;
87227600;KOLBENSCHMIDT;Вкладыши BMW (ш) M40;1;1 500,00  ;;
87327690;KOLBENSCHMIDT;Вкладыши;2;1 430,00  ;;
87369600;KOLBENSCHMIDT;Вкладыши BMW (к) M51, 50, 20 89- STD;2;2 850,00  ;;
87369610;KOLBENSCHMIDT;Вкладыши BMW (к) M51, 50, 20 89- +0,25;1;3 040,00  ;;
87393610;KOLBENSCHMIDT;Вкладыши OPEL (к) 1,6SH/ 1,8-2,0+2,2 4V +0.25;2;1 900,00  ;;
87409610;KOLBENSCHMIDT;Вкладыши шатунные;1;660,00  ;;
87409620;KOLBENSCHMIDT;Вкладыши OPEL (ш) 1,3 + 1,6 +0,5;1;660,00  ;;
87410600;KOLBENSCHMIDT;Вкладыши коренные F16;4;1 740,00  ;;
87416600;KOLBENSCHMIDT;Вкладыши шатунные M103,104+M603, 606;1;3 000,00  ;;
87417620;KOLBENSCHMIDT;Вкладыши  m603d +0,5;1;1 430,00  ;;
87418600;KOLBENSCHMIDT;Вкладыши MB (к) m602 std.;1;2 370,00  ;;
87420600;KOLBENSCHMIDT;Вкладыши VAG (к) 1.3-1.6 ABD, AEX STD;4;1 200,00  ;;
87420630;KOLBENSCHMIDT;Вкладыши VAG (к) 1.3-1.6 ABD, AEX  +0,75;1;920,00  ;;
87427641;KOLBENSCHMIDT;Вкладыши MB (к) 3,8D - OM314  4cyl  + 1,0;1;7 160,00  ;;
87475600;KOLBENSCHMIDT;Вкладыши;1;1 180,00  ;;
87490600;KOLBENSCHMIDT;Вкладыши шатунные  M20;19;1 500,00  ;;
87495620;KOLBENSCHMIDT;Вкладыши m110 -77 +0,5;1;3 570,00  ;;
87581600;KOLBENSCHMIDT;Вкладыши VAG (к) 1,8-2,0 std.;6;1 160,00  ;;
87722600;KOLBENSCHMIDT;Вкладыши VAG (к) 0.9-1.3 с каналами std.;2;1 360,00  ;;
87755640;KOLBENSCHMIDT;Вкладыши 2,6 + 3,0 +1;1;2 160,00  ;;
91386630;KOLBENSCHMIDT;Поршни 1,9-2,4 disel +1;1;3 640,00  ;;
94532960;KOLBENSCHMIDT;Поршни RENO R19 E6J A700;4;3 990,00  ;;
94819700;KOLBENSCHMIDT;Поршни 605-606d 2,5-3,0 std.;6;3 800,00  ;;
99456600;KOLBENSCHMIDT;Поршень FORD CGBA/CGBB/CHBA/CHBB;4;6 000,00  ;;
99456700;KOLBENSCHMIDT;Поршень;4;5 890,00  ;;
99457620;KOLBENSCHMIDT;Поршни FORD 88.00;4;6 020,00  ;;
99561600;KOLBENSCHMIDT;Поршни Renault F9Q 97-;1;4 000,00  ;;
800001013000;KOLBENSCHMIDT;Кольца 1,6-;9;510,00  ;;
800001310000;KOLBENSCHMIDT;Кольца VAG 1,9 sd  2,3 nf,ng,aar std. (1);7;640,00  ;;
800001911000;KOLBENSCHMIDT;Кольца BMW M20 2,5: M40 1,6: M50 2,5  -92 std. (2);4;740,00  ;;
800003640000;KOLBENSCHMIDT;Кольца 405, 309 XU5 1,6 + XU9 1,9  87-;2;2 680,00  ;;
800007040000;KOLBENSCHMIDT;Кольца FIAT;1;4 510,00  ;;
800009910000;KOLBENSCHMIDT;Кольца;4;1 240,00  ;;
800017110000;KOLBENSCHMIDT;Кольца MB 601-603 2,0-3,0d std. (1);1;1 190,00  ;;
800017110050;KOLBENSCHMIDT;Кольца 601-603 2,0-3,0d +0,5;5;1 200,00  ;;
800017921050;KOLBENSCHMIDT;Кольца MB  M104 2,8-3,2: M111 2,0-2,2 +0,5;12;1 400,00  ;;
800020641000;KOLBENSCHMIDT;Кольца 1,2 std.;1;1 940,00  ;;
800020710000;KOLBENSCHMIDT;Кольца;20;510,00  ;;
800020710050;KOLBENSCHMIDT;Кольца;8;490,00  ;;
800021110000;KOLBENSCHMIDT;Кольца;4;730,00  ;;
800021210000;KOLBENSCHMIDT;Кольца;8;580,00  ;;
800021210050;KOLBENSCHMIDT;Кольца;4;580,00  ;;
800021721000;KOLBENSCHMIDT;Кольца 2,0-3,0 20e, 30e std.;1;990,00  ;;
800026110000;KOLBENSCHMIDT;Кольца;4;840,00  ;;
800039410000;KOLBENSCHMIDT;Кольца;3;710,00  ;;
800039710000;KOLBENSCHMIDT;Кольца;4;880,00  ;;
800042110000;KOLBENSCHMIDT;Кольца;14;560,00  ;;
800044810000;KOLBENSCHMIDT;Кольца FORD 1,8TD (98-);12;720,00  ;;
800044810050;KOLBENSCHMIDT;Кольца;12;690,00  ;;
800044910000;KOLBENSCHMIDT;Кольца FORD 1,8 (98-);10;860,00  ;;
800044910050;KOLBENSCHMIDT;Кольца ;4;910,00  ;;
800051410000;KOLBENSCHMIDT;Кольца;8;700,00  ;;
800051410050;KOLBENSCHMIDT;Кольца;1;670,00  ;;
800070510000;KOLBENSCHMIDT;Кольца;4;1 000,00  ;;
800073510000;KOLBENSCHMIDT;Кольца;16;1 400,00  ;;
81-33111;KOLBENSCHMIDT;Направляющая клапана вп/вып Audi/VW 1.8 ADR/AEB 20V;113;150,00  ;;
MK-6H;KOLBENSCHMIDT;Сухарь клапана;159;70,00  ;;
MK-8H;KOLBENSCHMIDT;Сухарь клапана;84;80,00  ;;
10429 01;LEMFORDER;Ролик ремня приводного;1;1 400,00  ;;
17988 02;LEMFORDER;Тяга рулева E46 L в С/Б;1;2 000,00  ;;
23953 01;LEMFORDER;Поперечная рулевая тяга;2;5 000,00  ;;
27108 01;LEMFORDER;Сайлентблок Fr E60 2шт;5;2 200,00  ;;
27318 01;LEMFORDER;Тяга рулевая W211 L+R;1;1 500,00  ;;
29633 02;LEMFORDER;Рычаг верхний Fr W203 L;1;4 500,00  ;;
29923 01;LEMFORDER;Сайлентблок перед. редуктора CAYENNE;7;560,00  ;;
BAEQ006;MAGNETI MARELLI;Катушка зажигания;1;1 000,00  ;;
001 36 N0;MAHLE;Кольца MB OM611 d88.0  2.5-2.0-3.0;12;1 300,00  ;;
002 77 N0;MAHLE;Кольца MB 102 2,3;4;1 000,00  ;;
003 15 N0;MAHLE;Кольца;3;1 510,00  ;;
029 82 13;MAHLE;Поршень VAG;1;2 500,00  ;;
005 24 01;MAHLE;Поршни M272;20;7 000,00  ;;
005 24 N0;MAHLE;Кольца M272;90;1 000,00  ;;
010 04 N0;MAHLE;Кольца;4;1 200,00  ;;
011 06 N0;MAHLE;Кольца OPEL 1.2,1.4L D=78.1мм /1.5-1.5-3/ KADETT,ASTRA,VECTRA;8;700,00  ;;
011 69 N2;MAHLE;Кольца;4;1 000,00  ;;
012 12 00;MAHLE;Поршни Opel  1,6 16v z16xe+y16xe std.;4;2 600,00  ;;
012 20 N3;MAHLE;Кольца;4;1 000,00  ;;
013 03 N0;MAHLE;Кольца FORD 2,0 4v Mondeo 8/96-;1;520,00  ;;
014 98 N0;MAHLE;Кольца FORD 1,6 4v Focus;9;1 200,00  ;;
014 PS 20798 000;MAHLE;Вкладыши;11;820,00  ;;
015 68 N0;MAHLE;Кольца поршневые FORD QQDB 1.8;40;710,00  ;;
021 82 N0;MAHLE;Кольца VOLVO 1,8;4;800,00  ;;
022 13 N0;MAHLE;Кольца;8;1 000,00  ;;
022 15 N0;MAHLE;Кольца;4;600,00  ;;
030 19 N2;MAHLE;Кольца VAG;1;500,00  ;;
030 20 N0;MAHLE;Кольца VAG 1,9-2,4 d-td-tdi std.;20;1 000,00  ;;
030 20 V0;MAHLE;Кольца VAG;4;900,00  ;;
030 90 N0;MAHLE;Кольца;1;1 200,00  ;;
033 04 00;MAHLE;Поршень VAG AEB/AGU/AJQ/APP;4;4 400,00  ;;
033 04 N0;MAHLE;Кольца VAG 1,8;2;1 000,00  ;;
033 18 N0;MAHLE;Кольца поршневые BDW;24;1 200,00  ;;
033 19 N0;MAHLE;Кольца AUDI A3;8;1 500,00  ;;
038 52 02;MAHLE;Поршни +0,4;1;4 960,00  ;;
039 02 V0;MAHLE;Кольца PEUG 306, 405, 406 XU7JP;2;1 000,00  ;;
081 17 02;MAHLE;Поршни;4;4 690,00  ;;
082 72 N1;MAHLE;Кольца BMW M40 1,8: M43: M50 92-;2;600,00  ;;
082 78 N0;MAHLE;Кольца BMW m60 4,0 std.;2;800,00  ;;
083 07 00;MAHLE;Поршни BMW m52 2,8 96- std.;6;4 570,00  ;;
083 16 N0;MAHLE;Кольца BMW  M52;1;800,00  ;;
083 20 N0;MAHLE;Кольца BMW M50B25.M50B30;24;1 450,00  ;;
OX127/1D;MAHLE;Фильтр маслянный;2;250,00  ;;
OX133D;MAHLE;Фильтр масляный;1;300,00  ;;
OX254D4;MAHLE;Фильтр масляный;2;800,00  ;;
OX367D;MAHLE;Фильтр масляный N62;2;450,00  ;;
OX636D;MAHLE;Фильтр масляный;1;600,00  ;;
L3K9-14-151;MAZDA;Цепь;1;1 300,00  ;;
A0008603326;MERCEDES;Насос омывателя;1;1 100,00  ;;
A1668171215;MERCEDES;Эмблема ML350;1;1 500,00  ;;
A2044700924;MERCEDES;Всасывающий трубопровод;1;1 000,00  ;;
A4638200044;MERCEDES;Поводок передней щётки G63;1;4 500,00  ;;
A6110701433;MERCEDES;Трубка топливная;3;1 400,00  ;;
A6110702332;MERCEDES;Трубка топливная;12;1 800,00  ;;
A6422000570;MERCEDES;Ролик;1;750,00  ;;
A6461800322;MERCEDES;Трубка отвода масла;1;2 300,00  ;;
A9064600155;MERCEDES;Комплект ремонтный рычага;1;7 000,00  ;;
01-S2882;METELLI;Втулка клапана направляющая 4G18;12;250,00  ;;
01-S2924;METELLI;Направляющая втулка;14;120,00  ;;
014 020 0072;MEYLE;Термомуфта MB W126/R107;1;5 000,00  ;;
60-9036-00;NE;Вкладыши Nissan QR20/QR25;1;1 110,00  ;;
60-9036-25;NE;Вкладыши Nissan QR20/QR25;2;1 500,00  ;;
61-7618-00;NE;Вкладыши  Honda K20A;1;1 630,00  ;;
61-7618-25;NE;Вкладыши  Honda K20A;4;1 630,00  ;;
61-7618-50;NE;Вкладыши Conrod Bearing Honda K20A;2;1 630,00  ;;
61-7619-25;NE;Вкладыши  Honda K24A;2;2 650,00  ;;
61-8728-00;NE;Вкладыши  Mitsubishi 6G-74;1;1 940,00  ;;
61-8728-25;NE;Вкладыши  Mitsubishi 6G-74;2;2 680,00  ;;
61-9041-00;NE;Вкладыши  Nissan;2;3 970,00  ;;
61-9041-25;NE;Вкладыши  Nissan;1;2 340,00  ;;
61-9045-25;NE;Вкладыши Nissan QR20/25;1;1 000,00  ;;
62-8720-00;NE;Вкладыши;2;510,00  ;;
62-9001-00;NE;Полукольца упорные,  NISSAN;1;380,00  ;;
62-9012-00;NE;Вкладыши Nissan SR18/20DE;1;300,00  ;;
62-9601-00;NE;Вкладыши Toyota;3;700,00  ;;
62-9609-00;NE;Вкладыши Toyota;3;630,00  ;;
62-9610-00;NE;Вкладыши Toyota E1/E2;2;560,00  ;;
62-9617-00;NE;Вкладыши Toyota 1C/2C/2C-T;3;600,00  ;;
9-0626-00;NE;Кольца Rover 1 Cyl.;14;500,00  ;;
9-0702-00;NE;Кольца BMW 1 Cyl.;2;780,00  ;;
9-0719-00;NE;Кольца BMW 1 Cyl.;2;530,00  ;;
9-0719-50;NE;Кольца BMW 1 Cyl.;12;720,00  ;;
9-0738-00;NE;Кольца BMW 1 Cyl.;12;1 110,00  ;;
9-0791-00;NE;Кольца BMW 1 Cyl.;6;930,00  ;;
9-1048-00;NE;Кольца Daimler Benz 1 Cyl.;12;670,00  ;;
9-1064-00;NE;Кольца Daimler Benz 1 Cyl;4;800,00  ;;
9-1064-50;NE;Кольца Daimler Benz 1 Cyl.;7;1 260,00  ;;
9-1065-25;NE;Кольца Daimler Benz 1 Cyl.;13;1 190,00  ;;
9-1065-50;NE;Кольца Daimler Benz 1 Cyl.;6;1 090,00  ;;
9-1073-00;NE;Кольца Daimler Benz 1 Cyl.;1;780,00  ;;
9-1078-00;NE;Кольца Daimler Benz 1 Cyl.;4;1 190,00  ;;
9-1079-00;NE;Кольца Daimler Benz 1 Cyl.;4;1 000,00  ;;
9-1085-00;NE;Кольца Daimler Benz 1 Cyl.;9;1 720,00  ;;
9-1093-00;NE;Кольца Daimler Benz 1 Cyl.;4;1 030,00  ;;
9-1259-00;NE;Кольца Daimler Benz 1 Cyl.;18;950,00  ;;
9-1260-00;NE;Кольца Daimler Benz 1 Cyl.;8;910,00  ;;
9-1261-00;NE;Кольца Daimler Benz 1 Cyl.;53;1 300,00  ;;
9-1267-00;NE;Кольца Daimler Benz 1 Cyl.;4;1 300,00  ;;
9-1274-00;NE;Кольца Daimler Benz  1 Cyl.;24;1 000,00  ;;
9-1274-50;NE;Кольца Daimler Benz  1 Cyl.;30;1 100,00  ;;
9-1275-00;NE;Кольца Daimler Benz 1 Cyl.;12;1 170,00  ;;
9-2103-50;NE;Кольца Ford 1 Cyl.;4;800,00  ;;
9-2134-65;NE;Кольца Ford 1 Cyl.;4;930,00  ;;
9-2153-50;NE;Кольца Ford 1 Cyl.;1;1 060,00  ;;
9-2155-00;NE;Кольца Ford 1 Cyl.;5;1 460,00  ;;
9-2162-00;NE;Кольца поршневые FORD QQDB 1.8;8;710,00  ;;
9-2172-00;NE;Кольца Ford 1 Cyl.;1;800,00  ;;
9-2460-50;NE;Кольца Hyundai 4 Cyl.;2;2 320,00  ;;
9-2610-00;NE;Кольца Hyundai 1 Cyl.;1;1 020,00  ;;
9-3535-00;NE;Кольца поршневые OPEL 2,0;8;430,00  ;;
9-3547-00;NE;Кольца Opel 1 Cyl.;12;710,00  ;;
9-3552-00;NE;Кольца Opel 1 Cyl.;4;1 130,00  ;;
9-3556-00;NE;Кольца Opel 1 Cyl.;2;830,00  ;;
9-3557-00;NE;Кольца;8;670,00  ;;
9-3562-00;NE;Кольца поршневые OPEL Y20LET;5;660,00  ;;
9-3731-60;NE;Кольца Peugeot 1 Cyl.;8;1 160,00  ;;
9-3733-00;NE;Кольца Peugeot 1 Cyl.;12;650,00  ;;
9-3747-00;NE;Кольца Peugeot 1 Cyl.;4;830,00  ;;
9-3757-00;NE;Кольца Peugeot 1 Cyl.;8;1 260,00  ;;
9-3833-00;NE;Кольца Renault 1 Cyl.;4;1 720,00  ;;
9-3844-00;NE;Кольца;8;1 000,00  ;;
9-3845-50;NE;Кольца Renault 1 Cyl.;8;1 000,00  ;;
9-3852-50;NE;Кольца Peugeot 1 Cyl.;4;1 090,00  ;;
9-5028-00;NE;Кольца AUDI 1Cyl  (A4/A6/A8 2.7TDI - 3.0TDI V6 CAMA/CAPA);2;1 130,00  ;;
9-5048-50;NE;Кольца поршневые AUDI/VW/SEAT/SKODA/FORD 1.9D,2.4D D=80.00мм /1.75-2-3;3;470,00  ;;
9-5049-00;NE;Кольца Volkswagen 1 Cyl.;3;540,00  ;;
9-5052-50;NE;Кольца;3;690,00  ;;
9-5073-00;NE;Кольца;8;760,00  ;;
9-5075-50;NE;Кольца поршневые AU/VW 1.6 d81.00+0.5;7;600,00  ;;
9-5077-00;NE;Кольца Volkswagen 1 Cyl.;1;430,00  ;;
9-5087-00;NE;Кольца Volkswagen 1 Cyl.;8;1 190,00  ;;
9-7654-00;NE;Кольца Honda 6 Cyl.;1;3 420,00  ;;
9-8532-50;NE;Кольца Mazda 4 Cyl.;4;1 850,00  ;;
9-8539-50;NE;Кольца Mazda 4 Cyl.;1;2 180,00  ;;
9-8807-50;NE;Кольца Mitsubishi 4 Cyl.;2;4 230,00  ;;
9-9077-00;NE;Кольца Nissan 4 Cyl.;1;1 780,00  ;;
9-9083-50;NE;Кольца Nissan 4 Cyl.;3;1 990,00  ;;
9-9165-00;NE;Кольца Nissan 4 Cyl.;2;4 760,00  ;;
9-9218-00;NE;Кольца Subaru 4 Cyl.;4;2 000,00  ;;
9-9224-00;NE;Кольца SUBARU EJ25,EJ25T DOHC;1;2 510,00  ;;
9-9225-50;NE;Кольца SUBARU EJ25;1;2 500,00  ;;
9-5074-00;NE;Кольца VAG 1,8 20v +turbo std.;4;500,00  ;;
100044-W00C;NISSAN;Болт;1;50,00  ;;
13012-8J101;NISSAN;Болт;2;150,00  ;;
13075-4W010;NISSAN;Болт;2;40,00  ;;
54368-CA00A;NISSAN;Болт;2;300,00  ;;
55226-CA00A;NISSAN;Болт;2;250,00  ;;
87-839500-02;NURAL;Поршень;4;2 500,00  ;;
87-117900-00;NURAL;Поршень MB OM611/612/613;4;4 000,00  ;;
87-139500-00;NURAL;Поршень;8;4 000,00  ;;
87-117900-20;NURAL ;Поршень;10;8 000,00  ;;
87-427707-10;NURAL ;Поршни FORD PGFA QWFA;4;3 700,00  ;;
87-432400-00;NURAL ;Поршень 2.7 TDi ( Discovery);6;6 000,00  ;;
87-502800-00;NURAL ;Поршни VAG 1,4 AEX/APQ/AKV/ANX/ STD;4;3 130,00  ;;
87-425200-00;NURAL;Поршень;2;1 500,00  ;;
BP260;PAYEN;Прокладка ГБЦ;4;1 000,00  ;;
BP800;PAYEN;Прокладка OPEL (гбц) 1.6 OHC 91->;10;450,00  ;;
BY370;PAYEN;Прокладка;1;3 150,00  ;;
CD5180;PAYEN;Комплект прокладок верхний;1;5 510,00  ;;
CH6390;PAYEN;Прокладки ГБЦ, комплект;4;6 000,00  ;;
CY970;PAYEN;К/т прокладок (вн) VAG AEB/ANB DOHC;3;3 000,00  ;;
DD501;PAYEN;Прокладка VAG (вн) 1.6D/TD CR.JK;3;1 310,00  ;;
DM365;PAYEN;Прокладка VAG (вн) 1,8 4V KR;1;1 820,00  ;;
DM840;PAYEN;Прокладка VAG (вн) 2,0 5cyl.81 KP 2,2 KV,KU;1;1 690,00  ;;
DT816;PAYEN;Верхний набор прокладок VW 2.0 2E;1;2 100,00  ;;
DV850;PAYEN;Верхний набор прокладок VW 1.9D/TD d79.5 91-;2;2 040,00  ;;
DY232;PAYEN;Верхний набор прокладок Opel X16XEL 98-;1;3 000,00  ;;
DY250;PAYEN;Прокладка OPEL (вн)  X20XEV;2;2 800,00  ;;
DZ720;PAYEN;Верхний набор прокладок FORD 1.8D/TD;1;2 000,00  ;;
EA5970;PAYEN;Комплект прокладок;2;5 000,00  ;;
EB5550;PAYEN;Нижний набор прокладок MB M166;1;2 120,00  ;;
EC5220;PAYEN;Нижний набор прокладок Audi/VW AHL ANA ARM 96-;2;2 510,00  ;;
EC5620;PAYEN;Нижний набор прокладок MB OM611;5;2 710,00  ;;
EG9600;PAYEN;Прокладки картера, комплект;1;1 580,00  ;;
EY130;PAYEN;Прокладки картера, комплект;2;1 320,00  ;;
EY230;PAYEN;Прокладка;3;1 600,00  ;;
HBS043;PAYEN;Болты VAG 1,3-2,3 бензин 4cyl.;7;510,00  ;;
HBS058;PAYEN;Болты MB OM601 M10;3;1 110,00  ;;
HBS211;PAYEN;Болты VAG;1;1 160,00  ;;
HBS246;PAYEN;Болты ГБЦ;3;1 040,00  ;;
HBS279;PAYEN;Болты ГБЦ;1;2 000,00  ;;
HBS518;PAYEN;Болты;3;1 100,00  ;;
HL732;PAYEN;Комплект прокладки клапанной крышки;10;860,00  ;;
JC152;PAYEN;Прокладка выпускного коллектора;60;80,00  ;;
JH5082;PAYEN;Прокладка поддона;4;860,00  ;;
JH5115;PAYEN;Прокладка поддона;1;850,00  ;;
JJ140;PAYEN;Прокладка поддона VAG;4;440,00  ;;
JM7035;PAYEN;Прокладка клапанной крышки;2;310,00  ;;
JP024;PAYEN;Прокладка клапанной крышки;2;530,00  ;;
0514.С8;PEUGEOT;Сальник передний;1;900,00  ;;
95550545001G2X;PORSCHE;Крышка;1;1 000,00  ;;
65118;RUVILLE;Помпа M112;1;3 000,00  ;;
215910;RUVILLE;Распредвал;1;3 500,00  ;;
12100-78840-0A0;SUZUKI;Вкладыши шатунные;3;500,00  ;;
12140-78K00;SUZUKI;Кольца;4;2 000,00  ;;
12300-78890;SUZUKI;Полукольца;1;450,00  ;;
12301-78820-0A0;SUZUKI;Вкладыши;2;700,00  ;;
10090033;SWAG;Успокоитель MB 601+602+603;2;200,00  ;;
10091300;SWAG;Успокоитель направляющий цепи;1;250,00  ;;
20330002;SWAG;Шайба нажимная рокера BMW M40/M70;32;150,00  ;;
50922251;SWAG;Помпа;2;2 500,00  ;;
C709A-STD;TAIHO;Вкладыши распредвала 1HD-FT;1;1 000,00  ;;
M047A 0.25;TAIHO;Вкладыши;1;1 000,00  ;;
M081H1 STD;TAIHO;Вкладыши;1;1 000,00  ;;
M094A-025;TAIHO;Вкладыши шатунные Toyota 1S,2S,3S,5S Taiho;2;1 000,00  ;;
M094A-050;TAIHO;Вкладыши коренные;2;1 070,00  ;;
M094A-STD;TAIHO;Вкладыши шатунные Toyota 1S,2S,3S,5S Taiho;1;1 040,00  ;;
M1056A 0.25;TAIHO;Вкладыши;1;1 490,00  ;;
M1056A-STD;TAIHO;Вкладыши;2;1 360,00  ;;
M111A2-STD;TAIHO;Вкладыши коренные;1;840,00  ;;
M135A-0.25;TAIHO;Вкладыши коренные;1;1 300,00  ;;
M3105A 0,25;TAIHO;Вкладыши коренные;1;1 200,00  ;;
M316A 0.50;TAIHO;Вкладыши коренные MAZDA RF/R2;1;1 220,00  ;;
M317A STD;TAIHO;Вкладыши коренные MAZDA B1/B3/B6/ Z5;1;1 060,00  ;;
M325A-025;TAIHO;Вкладыши;2;1 400,00  ;;
M454H 0.25;TAIHO;Вкладыши;1;1 000,00  ;;
M457A 0.25;TAIHO;Вкладыши шатунные;1;1 540,00  ;;
M457A STD;TAIHO;Вкладыши коренные;2;1 130,00  ;;
M654A-STD;TAIHO;Вкладыши коренные Suzuki F8B;1;750,00  ;;
M702A 050;TAIHO;Вкладыши;1;1 800,00  ;;
M717A 0.25;TAIHO;Вкладыши;1;1 000,00  ;;
M719A STD;TAIHO;Вкладыши коренные Toyota 1MZ-FE;1;1 950,00  ;;
M723A1 0.25;TAIHO;Вкладыши;1;1 330,00  ;;
M724A 0.50;TAIHO;Вкладыши коренные TOYOTA 1AZ-FE/2AZ-FE (к);1;1 320,00  ;;
M725A STD;TAIHO;Вкладыши;2;2 180,00  ;;
M726A STD;TAIHO;Вкладыши;1;2 180,00  ;;
M729A STD;TAIHO;Вкладыши;1;2 000,00  ;;
R047A 0.25;TAIHO;Вкладыши;1;800,00  ;;
R094A 0.75;TAIHO;Вкладыши;1;750,00  ;;
R1050A-0.25;TAIHO;Вкладыши;1;550,00  ;;
R111A-050;TAIHO;Вкладыши;1;400,00  ;;
R113A1 STD;TAIHO;Вкладыши шатунные  4D55/56 4G51-54;1;550,00  ;;
R119A STD;TAIHO;Вкладыши;2;400,00  ;;
R121H STD;TAIHO;Вкладыши;1;800,00  ;;
R130A 1.00;TAIHO;Вкладыши;1;650,00  ;;
R135A STD;TAIHO;Вкладыши шатунные;1;850,00  ;;
R135A-025;TAIHO;Вкладыши шатунные;2;940,00  ;;
R184A1 0.50;TAIHO;Вкладыши;1;850,00  ;;
R3105A 0,25;TAIHO;Вкладыши шатунные;1;500,00  ;;
R317A 0.25;TAIHO;Вкладыши;1;400,00  ;;
R317A 0.50;TAIHO;Вкладыши;1;400,00  ;;
R457A 0.25;TAIHO;Вкладыши шатунные;1;1 110,00  ;;
R457A STD;TAIHO;Вкладыши шатунные;1;850,00  ;;
R458H 0.25;TAIHO;Вкладыши;1;700,00  ;;
R465H STD;TAIHO;Вкладыши;1;1 200,00  ;;
R469H STD;TAIHO;Вкладыши;2;1 100,00  ;;
R652A 0.50;TAIHO;Вкладыши;1;450,00  ;;
R703A STD;TAIHO;Вкладыши;1;1 000,00  ;;
R708A STD;TAIHO;Вкладыши;2;1 300,00  ;;
R725A 0.25;TAIHO;Вкладыши;1;1 100,00  ;;
R725A STD;TAIHO;Вкладыши;1;800,00  ;;
R729A STD;TAIHO;Вкладыши;1;650,00  ;;
R741A-STD;TAIHO;Вкладыши;2;1 000,00  ;;
T098H STD;TAIHO;Полукольца упорные, NISSAN (SR18,SR20);1;420,00  ;;
T1050A STD;TAIHO;Полукольца упорные;1;470,00  ;;
T1056A-STD;TAIHO;Полукольца упорные;4;250,00  ;;
T317A STD;TAIHO;Полукольца упорные;2;260,00  ;;
T468A-STD;TAIHO;Полукольца упорные;1;190,00  ;;
T737A-STD;TAIHO;Полукольца упорные;3;460,00  ;;
PFS01035-01;TAKOMA;К/т прокладок TOYOTA  5S-FE91-;4;3 200,00  ;;
PFS01081-12;TAKOMA;К/т прокладок TOYOTA 4A-FE;2;1 790,00  ;;
PFS01086-10;TAKOMA;К/т прокладок TOYOTA  2L-T/2L-TE;4;4 100,00  ;;
PFS01088-15;TAKOMA;К/т прокладок TOYOTA  2C;2;4 000,00  ;;
PFS01089-00;TAKOMA;К/т прокладок TOYOTA  1HZ;2;6 340,00  ;;
PFS01089-01;TAKOMA;К/т прокладок TOYOTA  1HZ-T/1HD-T;3;6 800,00  ;;
PFS01106-00;TAKOMA;Прокладка TOYOTA  1MZ-FE93-;6;7 370,00  ;;
PFS01106-01;TAKOMA;Прокладка TOYOTA  1MZ-FE (98-);3;6 970,00  ;;
PFS01110-00;TAKOMA;К/т прокладок TOYOTA 2JZ-GE;3;6 380,00  ;;
PFS01110-01;TAKOMA;К/т прокладок TOYOTA 2JZ-GE DOHC;4;4 480,00  ;;
PFS01123-01;TAKOMA;К/т прокладок TOYOTA  1KZ-TE93-96;3;5 510,00  ;;
PFS01126-01;TAKOMA;К/т прокладок TOYOTA 1NZFE/2NZFE;9;4 040,00  ;;
PFS01128-00;TAKOMA;К/т прокладок TOYOTA 2UZ-FE;4;12 660,00  ;;
PFS01129-00;TAKOMA;К/т прокладок TOYOTA 1ZZ-FE;2;3 800,00  ;;
PFS01129-01;TAKOMA;К/т прокладок TOYOTA, Chevrolet 1,8 -16v  1ZZ-FE, LV6   01.1997->;2;4 310,00  ;;
PFS01133-00;TAKOMA;Прокладка TOYOTA  5S-FE;5;4 400,00  ;;
PFS01137-00;TAKOMA;К/т прокладок TOYOTA 1AZ-FE;15;4 200,00  ;;
PFS01137-01;TAKOMA;К/т прокладок TOYOTA 1AZ-FSE;3;6 260,00  ;;
PFS01137-02;TAKOMA;К/т прокладок TOYOTA 1AZ-FE;3;4 400,00  ;;
PFS01138-00;TAKOMA;К/т прокладок TOYOTA 2AZ-FE;3;3 940,00  ;;
PFS01138-03;TAKOMA;К/т прокладок TOYOTA 2AZ-FE;3;3 510,00  ;;
PFS01148-00;TAKOMA;К/т прокладок TOYOTA 1MZ-FE;1;9 510,00  ;;
PFS01158-00;TAKOMA;К/т прокладок TOYOTA 2GR-FE;3;12 000,00  ;;
PFS01160-00;TAKOMA;К/т прокладок TOYOTA 2TR-FE;3;2 950,00  ;;
PFS02038-64;TAKOMA;К/т прокладок NISSAN VG30E;1;2 800,00  ;;
PFS02063-03;TAKOMA;К/т прокладок NISSAN GA16DS DOHC;8;2 310,00  ;;
PFS02064-32;TAKOMA;К/т прокладок NISSAN GA16DE;5;3 000,00  ;;
PFS02065-20;TAKOMA;К/т прокладок NISSAN SR20DE;2;5 000,00  ;;
PFS02067-11;TAKOMA;К/т прокладок NISSAN RD28T;1;7 000,00  ;;
PFS02067-20;TAKOMA;К/т прокладок NISSAN  RD28TI;1;6 000,00  ;;
PFS02078-00;TAKOMA;К/т прокладок NISSAN  CD20 90-;9;2 000,00  ;;
PFS02079-00;TAKOMA;К/т прокладок NISSAN Micra 1.0 88-92;1;1 510,00  ;;
PFS02084-00;TAKOMA;К/т прокладок NISSAN Micra MA12;1;2 000,00  ;;
PFS02090-01;TAKOMA;К/т прокладок NISSAN VQ20DE;1;4 280,00  ;;
PFS02095-00;TAKOMA;Прокладка NISSAN  KA24DE;6;1 300,00  ;;
PFS02105-02;TAKOMA;К/т прокладок NISSAN QG16DE;3;3 000,00  ;;
PFS02108-10;TAKOMA;К/т прокладок NISSAN QR20DE;7;4 280,00  ;;
PFS02108-11;TAKOMA;К/т прокладок NISSAN QR20DE (DOHC);2;4 690,00  ;;
PFS02108-21;TAKOMA;К/т прокладок NISSAN QR20DE;2;4 320,00  ;;
PFS02111-00;TAKOMA;К/т прокладок NISSAN CD20T;1;3 510,00  ;;
PFS02121-00;TAKOMA;К/т прокладок NISSAH YD22DE;3;6 340,00  ;;
PFS02123-06;TAKOMA;К/т прокладок NISSAN VQ30DE;1;4 000,00  ;;
PFS02130-00;TAKOMA;К/т прокладок NISSAN VQ35DE;3;7 000,00  ;;
PFS02134-00;TAKOMA;К/т прокладок NISSAN YD25DDTI;9;6 000,00  ;;
PFS02136-00;TAKOMA;К/т прокладок NISSAN CGA3DE;5;4 000,00  ;;
PFS02136-01;TAKOMA;К/т прокладок NISSAN CR14DE;2;3 400,00  ;;
PFS02136-10;TAKOMA;К/т прокладок NISSAN CG10DE/CG12DE;1;3 780,00  ;;
PFS02147-01;TAKOMA;К/т прокладок NISSAN QG15DE;2;2 510,00  ;;
PFS03006-00;TAKOMA;К/т прокладок MITSUBISHI  4D68-T;5;4 270,00  ;;
PFS03042-02;TAKOMA;К/т прокладок MITSUBISHI  G63B83-93;1;2 310,00  ;;
PFS03054-12;TAKOMA;К/т прокладок MITSUBISHI  4G37 87-;2;2 140,00  ;;
PFS03055-10;TAKOMA;К/т прокладок MITSUBISHI  4G63/4G63-T;8;1 700,00  ;;
PFS03055-33;TAKOMA;К/т прокладок MITSUBISHI 4G64/4G64K;5;2 510,00  ;;
PFS03056-10;TAKOMA;К/т прокладок MITSUBISHI  G13B/G15B;4;2 310,00  ;;
PFS03058-00;TAKOMA;К/т прокладок MITSUBISHI 4D56-T 86-;7;3 240,00  ;;
PFS03059-12;TAKOMA;Прокладка MITSUBISHI  4G91;2;2 130,00  ;;
PFS03066-01;TAKOMA;К/т прокладок MITSUBISHI  4G63K93-;1;3 000,00  ;;
PFS03081-01;TAKOMA;К/т прокладок MITSUBISHI  6G74D;2;7 000,00  ;;
PFS03085-00;TAKOMA;К/т прокладок MITSUBISHI  4G93K;3;3 510,00  ;;
PFS03085-10;TAKOMA;К/т прокладок MITSUBISHI 4G93K;5;3 530,00  ;;
PFS03096-00;TAKOMA;К/т прокладок MITSUBISHI 6A12;1;5 510,00  ;;
PFS03115-10;TAKOMA;Комплект прокладок;4;3 560,00  ;;
PFS03117-00;TAKOMA;К/т прокладок MITSUBISHI 4M41;5;9 390,00  ;;
PFS03118-00;TAKOMA;К/т прокладок MITSUBISHI 4G63-T  2003-;6;4 390,00  ;;
PFS03119-10;TAKOMA;К/т прокладок MITSUBISHI 4G13;2;4 000,00  ;;
PFS03122-10;TAKOMA;К/т прокладок MITSUBISHI 4D56-T (2,5TD) Pajero;5;6 690,00  ;;
PFS04036-12;TAKOMA;К/т прокладок ISUZU 4ZC1;3;1 510,00  ;;
PFS04078-00;TAKOMA;К/т прокладок ISUZU 4JX1/4JX1-T;2;5 000,00  ;;
PFS04081-00;TAKOMA;К/т прокладок ISUZU 4JH1-T;5;2 480,00  ;;
PFS06019-00;TAKOMA;К/т прокладок MAZDA 2,0D/2,2D - RF,R2;1;2 000,00  ;;
PFS06022-00;TAKOMA;К/т прокладок MAZDA B3/B5/B6 86-;1;1 280,00  ;;
PFS06029-00;TAKOMA;К/т прокладок MAZDA BP/BP-E;2;3 000,00  ;;
PFS06029-40;TAKOMA;К/т прокладок MAZDA  BP-ZE/BP-D;1;3 310,00  ;;
PFS06032-20;TAKOMA;К/т прокладок MAZDA  B3;2;1 910,00  ;;
PFS06037-00;TAKOMA;К/т прокладок MAZDA 626 2.0 16V 87-92;4;2 760,00  ;;
PFS06041-00;TAKOMA;К/т прокладок MAZDA RF 87-92;1;3 000,00  ;;
PFS06041-01;TAKOMA;К/т прокладок MAZDA RF-CX 92-;1;2 800,00  ;;
PFS06056-10;TAKOMA;К/т прокладок MAZDA LF-DE DOHC;8;6 710,00  ;;
PFS06064-02;TAKOMA;К/т прокладок MAZDA FS;1;5 000,00  ;;
PFS06065-00;TAKOMA;К/т прокладок MAZDA LF;3;5 020,00  ;;
PFS08015-00;TAKOMA;К/т прокладок SUZUKI G13;3;4 000,00  ;;
PFS08018-30;TAKOMA;К/т прокладок SUZUKI G15A/G16A;3;1 800,00  ;;
PFS08022-00;TAKOMA;К/т прокладок SUZUKI H20A;1;4 690,00  ;;
PFS08023-00;TAKOMA;К/т прокладок SUZUKI J20/J18;1;4 000,00  ;;
PFS08023-01;TAKOMA;К/т прокладок SUZUKI J20A;3;4 000,00  ;;
PFS08024-00;TAKOMA;К/т прокладок SUZUKI G13BB;3;2 510,00  ;;
PFS08027-00;TAKOMA;К/т прокладок SUZUKI M13A;5;5 000,00  ;;
PFS08030-00;TAKOMA;К/т прокладок SUZUKI G16B;3;2 510,00  ;;
PFS09025-30;TAKOMA;К/т прокладок HONDA ZC;5;2 310,00  ;;
PFS09026-00;TAKOMA;К/т прокладок HONDA D15B1/B2;7;2 310,00  ;;
PFS09034-13;TAKOMA;К/т прокладок;4;4 440,00  ;;
PFS09043-00;TAKOMA;К/т прокладок HONDA D16Y3;3;4 510,00  ;;
PFS09045-02;TAKOMA;К/т прокладок HONDA B18B1;3;4 920,00  ;;
PFS09046-00;TAKOMA;К/т прокладок HONDA J30A1;5;6 870,00  ;;
PFS09053-01;TAKOMA;К/т прокладок HONDA K24A;1;3 470,00  ;;
PFS09056-00;TAKOMA;К/т прокладок HONDA L13A3;5;3 000,00  ;;
PFS09057-00;TAKOMA;К/т прокладок HONDA L13A1;5;3 000,00  ;;
PFS10013-00;TAKOMA;К/т прокладок SUBARU EJ22ET;5;4 510,00  ;;
PFS10016-00;TAKOMA;К/т прокладок SUBARU EJ20GN;1;2 490,00  ;;
PFS10019-10;TAKOMA;К/т прокладок SUBARU EJ25D/EJ25DZ;3;8 070,00  ;;
PFS17003-00;TAKOMA;К/т прокладок CHRYSLER 4A20;4;6 300,00  ;;
PFS17004-00;TAKOMA;К/т прокладок CHRYSLER L4 122 2.0L OHC;4;3 200,00  ;;
PFS17009-00;TAKOMA;К/т прокладок CHRYSLER 167/167 C1D;1;10 000,00  ;;
PFS17012-00;TAKOMA;К/т прокладок CHRYSLER 197/3.2L 98-;4;7 030,00  ;;
PFS17014-00;TAKOMA;К/т прокладок CHRYSLER 231/3.8L OHV 1991-1999;5;6 000,00  ;;
PFS17015-00;TAKOMA;К/т прокладок CHRYSLER 215/3.5L OHC 1993-1997;5;5 100,00  ;;
PFS46005-31;TAKOMA;Комплект прокладок;4;2 430,00  ;;
PFS46023-00;TAKOMA;К/т прокладок HYUNDAI G4JP;4;3 970,00  ;;
PFS46029-10;TAKOMA;К/т прокладок HYUNDAI G4EK;5;3 310,00  ;;
PFS46029-20;TAKOMA;К/т прокладок HYUNDAI G4EC;4;3 200,00  ;;
PFS46030-00;TAKOMA;К/т прокладок HYUNDAI G4HG;1;1 480,00  ;;
PFS46034-00;TAKOMA;К/т прокладок HYUNDAI, Kia 2,0CRDi -16v  D4EA   06.2000->;5;6 000,00  ;;
PFS46036-00;TAKOMA;Комплект прокладок;4;3 560,00  ;;
PFS47009-00;TAKOMA;К/т прокладок KIA FE;3;2 140,00  ;;
PFS47010-01;TAKOMA;К/т прокладок KIA FE/FE-DI;3;2 320,00  ;;
PFS47011-00;TAKOMA;К/т прокладок KIA RF/RF-TCI;5;2 800,00  ;;
PFS47013-10;TAKOMA;К/т прокладок KIA;1;7 000,00  ;;
PFS47018-00;TAKOMA;К/т прокладок KIA T8;5;5 600,00  ;;
PFS47032-00;TAKOMA;К/т прокладок KIA S6D;6;3 040,00  ;;
PFS47032-12;TAKOMA;К/т прокладок KIA A6D;4;3 200,00  ;;
PFS47037-00;TAKOMA;К/т прокладок KIA B5;3;2 510,00  ;;
PFS47037-01;TAKOMA;К/т прокладок KIA RIO 16V, DOHC;1;3 310,00  ;;
PFS47041-00;TAKOMA;К/т прокладок KIA KJ;2;3 830,00  ;;
PFS49002-00;TAKOMA;К/т прокладок DAEWOO MATIZ/TICOF8CV;1;1 910,00  ;;
PFS49004-00;TAKOMA;К/т прокладок DAEWOO G15NF OHC;5;2 540,00  ;;
PFS49004-02;TAKOMA;К/т прокладок DAEWOO A13DM/A15DM;4;2 800,00  ;;
PFS49006-00;TAKOMA;К/т прокладок DAEWOO A16DMS;5;1 510,00  ;;
PFS49006-01;TAKOMA;К/т прокладок DAEWOO A16DMS;5;2 000,00  ;;
PFS49008-00;TAKOMA;К/т прокладок DAEWOO C20LE/C20NE;3;2 000,00  ;;
PHG01086-23S;TAKOMA;Прокладка ГБЦ TOYOTA 3L;10;900,00  ;;
PHG01103-23;TAKOMA;Прокладка TOYOTA  2RZ-E;4;510,00  ;;
PHG01106-23;TAKOMA;Прокладка TOYOTA  1MZ-FE;1;1 310,00  ;;
PHG01118-23;TAKOMA;Прокладка TOYOTA  5VZ-FE;3;800,00  ;;
PHG01118-24;TAKOMA;Прокладка TOYOTA  5VZ-FE;1;480,00  ;;
PHG01129-23S;TAKOMA;Прокладка ГБЦ TOYOTA 1ZZ-FE;4;1 540,00  ;;
PHG01129-25S;TAKOMA;Прокладка ГБЦ TOYOTA 1/3/4ZZ-FE;4;1 470,00  ;;
PHG01133-23S;TAKOMA;Прокладка TOYOTA  5S-FE;2;1 330,00  ;;
PHG01137-23S;TAKOMA;Прокладка TOYOTA 1AZ-FE;2;1 400,00  ;;
PHG01138-23S;TAKOMA;Прокладка TOYOTA 2AZ-FE;2;1 400,00  ;;
PHG01139-23S;TAKOMA;Прокладка TOYOTA 1HD-FE;1;1 400,00  ;;
PHG01141-21S;TAKOMA;Прокладка TOYOTA 1CD-FTV;1;1 400,00  ;;
PHG01148-23S;TAKOMA;Прокладка TOYOTA 1MZ-FE;4;1 400,00  ;;
PHG01152-21S;TAKOMA;Прокладка ГБЦ TOYOTA 1KD-FTV;5;1 880,00  ;;
PHG01152-25S;TAKOMA;К/т прокладок TOYOTA 1KD-FTV 08.2000->;2;1 800,00  ;;
PHG02064-23;TAKOMA;Прокладка NISSAN  GA16DE;10;710,00  ;;
PHG02067-26S;TAKOMA;Прокладка NISSAN  RD28T/RD28-TI;1;2 000,00  ;;
PHG02090-23S;TAKOMA;Прокладка NISSAN VQ20DE (R);5;1 860,00  ;;
PHG02090-24S;TAKOMA;Прокладка NISSAN VQ20DE (L);6;1 860,00  ;;
PHG02095-23;TAKOMA;Прокладка NISSAN  KA24DE;1;290,00  ;;
PHG02133-26S;TAKOMA;Прокладка ГБЦ NISSAN X-Trail 2,2DCi -16v  YD22ETI   06.2001->   5нас;1;1 330,00  ;;
PHG02147-24S;TAKOMA;Прокладка NISSAN QG15DE;4;1 310,00  ;;
PHG02147-25S;TAKOMA;Прокладка ГБЦ NISSAN QG16DE;3;1 280,00  ;;
PHG02152-23S;TAKOMA;Прокладка NISSAN HR16DE;1;890,00  ;;
PHG03055-25;TAKOMA;Прокладка ГБЦ MITSUBISHI Galant 2,4-16v DOHC  4G64K  4cyl  1994->1995;1;430,00  ;;
PHG03058-25;TAKOMA;Прокладка MITSUBISHI  4D56-T;2;840,00  ;;
PHG03065-22;TAKOMA;Прокладка MITSUBISHI  4M40;5;1 100,00  ;;
PHG03076-23S;TAKOMA;Прокладка MITSUBISHI  6G72;5;3 170,00  ;;
PHG03085-23S;TAKOMA;Прокладка MITSUBISHI  4G93K;3;1 370,00  ;;
PHG03086-23S;TAKOMA;Прокладка MITSUBISHI  4G64;3;1 710,00  ;;
PHG03117-23S;TAKOMA;Прокладка ГБЦ MITSUBISHI 3,2TD -16v   4M41  4cyl   98,5mm  2000->   4нас;1;1 710,00  ;;
PHG04049-23S;TAKOMA;Прокладка ГБЦ OPEL 1,7TD -8v (ISUZU) - 4EE1  4cyl  79,0mm  1991->  1нас;1;870,00  ;;
PHG06040-23;TAKOMA;Прокладка MAZDA  B6-ZE/B6-D;2;480,00  ;;
PHG06043-23S;TAKOMA;Прокладка MAZDA Z5;5;1 470,00  ;;
PHG06053-23S;TAKOMA;Прокладка ГБЦ MAZDA KJ 2,3 V6 (95->) STEEL L;3;1 630,00  ;;
PHG06053-24S;TAKOMA;Прокладка ГБЦ MAZDA KJ 2,3 V6 (95->) STEEL R;2;1 860,00  ;;
PHG09035-23;TAKOMA;Прокладка ГБЦ HONDA Legend 2,5 V6 -24v  C25A  1986->1987  (x2);2;400,00  ;;
PHG09037-23S;TAKOMA;Прокладка HONDA  D15B2/D16Z6/D17Z7;5;1 180,00  ;;
PHG10020-23S;TAKOMA;Прокладка ГБЦ SUBARU EJ20E;2;1 630,00  ;;
PHG11033-23;TAKOMA;Прокладка ГБЦ FORD Sierra 1,8 CVH  80,0mm  4cyl   07.88->02.93;1;460,00  ;;
PHG11043-23S;TAKOMA;Прокладка ГБЦ FORD DURATEC HE-CJBA;6;1 480,00  ;;
PHG11051-23S;TAKOMA;Прокладка ГБЦ FORD ZETEC-E EDBA/B/C/D;1;730,00  ;;
PHG11052-23S;TAKOMA;Прокладка ГБЦ FORD ZETEC-E;2;1 280,00  ;;
PHG11055-23S;TAKOMA;Прокладка ГБЦ FORD 181,3.0L;2;1 280,00  ;;
PHG11148-24S;TAKOMA;Прокладка ГБЦ FORD 2,0/2,2 Di/TDCi/TDDi -16v DOHC (Duratorq)   10.2000-> 2нас;3;1 400,00  ;;
PHG11148-25S;TAKOMA;Прокладка ГБЦ FORD D5BA;5;1 400,00  ;;
PHG11152-23S;TAKOMA;Прокладка ГБЦ FORD 1,3 -8v  Duratec  4cyl  2001->;2;1 000,00  ;;
PHG24015-23S;TAKOMA;Прокладка ГБЦ PSA EW7A;4;1 200,00  ;;
PHG24020-25S;TAKOMA;Прокладка ГБЦ PSA, FORD, MAZDA 1,4HDi/TDCi -8v  DV4TD  73,7mm  2002->  1+5нас;1;1 040,00  ;;
PHG25015-23S;TAKOMA;Прокладка ГБЦ RENAULT 1,9TDI F9Q (1,32mm) 2000->;1;3 000,00  ;;
PHG25016-23S;TAKOMA;Прокладка ГБЦ RENAULT 1,4/1,6 -16v  K4J,K4M  4cyl  79,5mm  1999->;10;1 170,00  ;;
PHG25017-23S;TAKOMA;Прокладка ГБЦ  RENAULT 1,8/2,0 DOHC -16v   F4P, F4R  82,7mm  4cyl   1998->;5;1 440,00  ;;
PHG25018-23S;TAKOMA;Прокладка ГБЦ RENAULT 1,0/1,2 -16v   D4D, D4F  4cyl   2000->;1;780,00  ;;
PHG25019-23S;TAKOMA;Прокладка ГБЦ K9K-700;5;1 110,00  ;;
PHG26002-23;TAKOMA;Прокладка ГБЦ VAG 1,5/1,6 - 79,5mm   4cyl    ->1985;1;360,00  ;;
PHG26006-23S;TAKOMA;Прокладка ГБЦ VAG 1.9D 1Y/AZZ;7;900,00  ;;
PHG26007-23;TAKOMA;Прокладка ГБЦ VAG 1,9/2,0 - SD, ABT, AAD, ABK, AAE, 2E;3;560,00  ;;
PHG26008-23S;TAKOMA;Прокладка ГБЦ VAG ANB/AEB;2;1 000,00  ;;
PHG26009-25S;TAKOMA;Прокладка ГБЦ VAG 1.9D GOLF 1Z/AEY/AFN;2;1 000,00  ;;
PHG26010-25S;TAKOMA;Прокладка ГБЦ VAG AGR/AGP/AHF;2;1 200,00  ;;
PHG26012-23S;TAKOMA;Прокладка ГБЦ VAG 1,3/1,4/1,6 - AEX, APQ, AKV, AEE, AEA, ADX;5;850,00  ;;
PHG26014-23S;TAKOMA;Прокладка ГБЦ AUDI/V.W AJM/AVF;5;1 470,00  ;;
PHG26015-23S;TAKOMA;Прокладка ГБЦ VAG 1,9TDi/SDi - AGR, AHF, ALH, ASV, AQM;2;1 000,00  ;;
PHG26015-24S;TAKOMA;Прокладка ГБЦ VAG 1,9TDi/SDi - AGR, AHF, ALH, ASV, AQM, AGP;4;1 000,00  ;;
PHG26030-23S;TAKOMA;Прокладка ГБЦ VAG AXW;5;1 280,00  ;;
PHG26034-23S;TAKOMA;Прокладка ГБЦ VAG 1,6 -16v / -FSi   AUS, AVY, AZD, ATN, BAD;2;1 200,00  ;;
PHG33004-23S;TAKOMA;Прокладка ГБЦ BMW N40B16A;1;1 400,00  ;;
PHG33011-23S;TAKOMA;Прокладка ГБЦ BMW M52 24V;6;2 310,00  ;;
PHG35007-23S;TAKOMA;Прокладка ГБЦ IVECO F1AE0481C;5;2 040,00  ;;
PHG35007-24S;TAKOMA;Прокладка ГБЦ IVECO F1AE0481C;4;2 040,00  ;;
PHG47032-23S;TAKOMA;Прокладка ГБЦ KIA 1.6 16V;4;1 370,00  ;;
PHG47034-23S;TAKOMA;Прокладка ГБЦ HYUNDAI D4EA;3;1 400,00  ;;
PHG49004-23;TAKOMA;Прокладка ГБЦ OPEL, DAEWOO 1,5/1,6 OHC -8v  79,0mm   4cyl   1986->;1;510,00  ;;
PHG49048-23S;TAKOMA;Прокладка ГБЦ DAEWOO 1,4/1,6 -16v DOHC   F14D,F16D   2003->;4;720,00  ;;
PHG49049-23S;TAKOMA;Прокладка ГБЦ DAEWOO F14D3;2;970,00  ;;
PLS11043-00;TAKOMA;К/т прокладок FORD DURATEC-HE CJBA;11;1 500,00  ;;
PLS11061-00;TAKOMA;К/т прокладок (нн) FORD DURATEC-SEA 2,5-3,0 V6 (->10/03);5;2 100,00  ;;
PLS25021-00;TAKOMA;К/т прокладок (нн) RENAULT 1,6D/1,7/1,8/1,9D/2,0 -  F8M, F1N, F2N, F3N, F3P, F8Q;4;1 430,00  ;;
PLS26008-00;TAKOMA;К/т прокладок (нн) VAG/AUDI ADR/AEB/AFY;3;1 510,00  ;;
PLS34004-00;TAKOMA;К/т прокладок (нн) ROVER KR6;6;1 930,00  ;;
PLS49037-00;TAKOMA;К/т прокладок (нн) OPEL 1,7Di/DTi -16v (ISUZU)  2000-> (без прокл поддона);1;910,00  ;;
POS32X46X7;TAKOMA;Сальник 32x46x7 MAZDA 2.0D;5;70,00  ;;
POS33X49X8;TAKOMA;Сальник коленвала передний 33x49x8 SUBARU Legacy 2.0, 2.5;3;50,00  ;;
POS34X48X7;TAKOMA;Сальник 34x48x8 к/вала передний MAZDA, Daihatsu/  р/вала MAZDA, NISSAN;10;50,00  ;;
POS36.5X50.5X7;TAKOMA;Сальник коленвала передний 36.5x50.5x7 MAZDA;5;80,00  ;;
POS40X52X7;TAKOMA;Сальник 40x52x7 к/вала передний, р/вала NISSAN;8;50,00  ;;
POS42.5X54.5X6;TAKOMA;Сальник 42.5x54.5x6 MAZDA FS;10;80,00  ;;
POS42X53X7;TAKOMA;Сальник 42x53x7 р/вала FORD 1,6/1,8/2,0 -16v  Zetec  (x2);10;50,00  ;;
POS50X74X11;TAKOMA;Сальник 50X74X11 Mits 4M40;2;270,00  ;;
POS84X104X11;TAKOMA;Сальник 84x104x11 к/вала задний NISSAN;4;150,00  ;;
POS85X103X8;TAKOMA;Сальник 85x103x8 MITSUBISHI;10;150,00  ;;
POS86X103X10;TAKOMA;Сальник коленвала задний 86x103x10 SUBARU Legacy 2.0, 2.5;2;150,00  ;;
PVG06056-03;TAKOMA;К/т прокладок (вн) MAZDA L3-VE;8;2 540,00  ;;
PVG11043-00;TAKOMA;К/т прокладок (вн) FORD DURATEC-HE CJBA;17;4 000,00  ;;
PVG11043-01;TAKOMA;К/т прокладок FORD CGBA/CGBB/CHBA;5;3 500,00  ;;
PVG11043-10;TAKOMA;К/т прокладок FORD DURATEC-HE/CJBA/CJBB (HG WITH STEEL);3;1 930,00  ;;
PVG11051-00;TAKOMA;К/т прокладок (вн) FORD Focus 2,0 -16v  Zetec-E 1998->;9;2 520,00  ;;
PVG11055-00;TAKOMA;К/т прокладок (вн) FORD;4;10 000,00  ;;
PVG11059-30;TAKOMA;К/т прокладок (вн) FORD 281/4.6L 95-;1;6 000,00  ;;
PVG11059-80;TAKOMA;К/т прокладок (вн) FORD 281/4.6L;1;6 000,00  ;;
PVG11061-01;TAKOMA;К/т прокладок FORD DURATEC-SEA;4;11 060,00  ;;
PVG11151-00;TAKOMA;К/т прокладок (вн) FORD CDRA/B;7;2 520,00  ;;
PVG25021-01;TAKOMA;К/т прокладок (вн) RENAULT, Volvo 1,8/2,0 -8v  F3P, F3R  82,7mm  1991->;4;2 430,00  ;;
PVG26005-00;TAKOMA;К/т прокладок (вн) VAG 1,8 -16v   KR, PL;1;1 510,00  ;;
PVG26008-00;TAKOMA;К/т прокладок (вн) VAG AEB/ANB DOHC;1;3 000,00  ;;
PVG34001-00;TAKOMA;К/т прокладок ROVER 14K16 GUG701125 (HG WITH STEEL);5;5 200,00  ;;
PVG34004-10;TAKOMA;К/т прокладок (вн) ROVER KR6;1;4 440,00  ;;
13211-28061-B0;TOYOTA;Поршень (без колец);1;2 400,00  ;;
13540-28010;TOYOTA;Натяжитель цепи 2AZ;1;1 000,00  ;;
32388 0.50;TP;Кольца поршневые TP;1;1 320,00  ;;
32400 STD;TP;Кольца;1;2 520,00  ;;
32575 STD;TP;Кольца ISUZU 4JA-1/4JB STD;3;1 930,00  ;;
32607 STD;TP;Кольца поршневые;1;3 260,00  ;;
32623 STD;TP;Кольца поршневые 4JH1;1;710,00  ;;
33761 STD;TP;Кольца поршневые Mazda FS d83.0 STD 1.2-1.5-3.0 на 4 цил.;1;2 450,00  ;;
33787 STD;TP;Кольца поршневые;1;4 080,00  ;;
33790 0.50;TP;Кольца Mazda LF-DE d87.5 +0.50 1.2-1.2-2.5;2;1 790,00  ;;
33862 STD;TP;Кольца  Mitsubishi 4D56T STD;1;3 000,00  ;;
33890 STD;TP;Кольца Mitsubishi 6G72 D91.1 STD;2;3 160,00  ;;
33902 0.50;TP;Кольца;1;2 130,00  ;;
33902 STD;TP;Кольца MITSUBISHI 4G92/G93;1;1 950,00  ;;
33920 STD;TP;Кольца поршневые Mitsubishi 6G72 dohc 24v D91.1 STD 1.2-1.5-3.0 (на 6 цил);1;6 280,00  ;;
33922 0.50;TP;Кольца поршневые;1;5 540,00  ;;
33933 STD;TP;Кольца поршневые Mitsubishi 6G74d93.3 STD 1.5-1.5-3.0(MD300569) на 6цил.TP 33933;2;3 400,00  ;;
33936 STD;TP;Кольца;2;2 460,00  ;;
33944 0.50;TP;Кольца поршневые Mitsubishi 4G13 d71.0+0.5 1.2-1.5-2.8;1;2 390,00  ;;
33955 STD;TP;Кольца;5;4 000,00  ;;
33956 0.50;TP;Кольца;1;5 200,00  ;;
33957 STD;TP;Кольца MITSUBISHI 4G64 4cil;2;2 680,00  ;;
33965 STD;TP;Кольца;1;4 060,00  ;;
34079 0.50;TP;Кольца поршневые ;1;1 880,00  ;;
34079 STD;TP;Кольца поршневые;1;1 800,00  ;;
34082 STD;TP;Кольца NISSAN GA16;5;2 020,00  ;;
34092 STD;TP;Кольца поршневые;1;4 800,00  ;;
34096 STD;TP;Кольца Nissan DT27/ZD30;1;3 830,00  ;;
34137 STD;TP;Кольца NISSAN BD30T/TD27TI/ZD30;1;3 860,00  ;;
34149 0.50;TP;Кольца Nissan QR25 D89.0 +0.50;1;2 710,00  ;;
35583 STD;TP;Кольца SUZUKI G16A/G16B;2;2 690,00  ;;
35610 STD;TP;Кольца SUBARU M13/15A;1;1 960,00  ;;
35941 STD;TP;Кольца поршневые;1;3 500,00  ;;
35973 0.50;TP;Кольца;1;2 630,00  ;;
35975 STD;TP;Кольца поршневые 2NZ-FE;2;2 900,00  ;;
35976 STD;TP;Кольца;1;2 860,00  ;;
35987 STD;TP;Кольца поршневые 1KD-FTV;1;4 050,00  ;;
36020 STD;TP;Кольца;1;5 020,00  ;;
41001 STD;TP;Кольца поршневые Daewoo NEXIA/LANOS/ESPEROd76.5 STD(на 4 цил) TP 41001;2;1 630,00  ;;
42006 0.50;TP;Кольца;1;2 040,00  ;;
42006 STD;TP;Кольца;3;2 860,00  ;;
42015 0.50;TP;Кольца поршневые D4BF;1;3 570,00  ;;
42021 STD;TP;Кольца поршневые;1;3 630,00  ;;
43019 0.50;TP;Кольца поршневые KIA K5;1;4 020,00  ;;
111225;TRW Engine;Клапан выпуск 28x6x112.9;48;750,00  ;;
261133;TRW Engine;Клапан выпускной м272;1;710,00  ;;
261140;TRW Engine;Клапан;8;600,00  ;;
261141;TRW Engine;Клапан;2;840,00  ;;
24-P0004-000;UNITED MOTORS;Поршни Lada 2108;4;710,00  ;;
29-BES05-000;UNITED MOTORS;Вкладыши шатунные Mitsybishi 4G11/12/13/14/15 88-;1;580,00  ;;
45-VX270;UNITED MOTORS;Клапан;4;380,00  ;;
1J0407271Q;VAG;Вал приводной в сборе;1;30 000,00  ;;
01-31555-01;VICTOR REINZ;Полный набор прокладок MB OM611;2;10 000,00  ;;
01-34240-01;VICTOR REINZ;Набор прокладок;1;6 520,00  ;;
01-34280-01;VICTOR REINZ;Комплект прокладок 1,4/1,6 16V FSI ;4;5 700,00  ;;
01-34280-02;VICTOR REINZ;Комплект прокладок;2;7 600,00  ;;
01-37045-01;VICTOR REINZ;Комплект прокладок CAXA;4;8 000,00  ;;
01-53694-01;VICTOR REINZ;К/т прокладок NISSAN YD25DDTI (без ПГБЦ) (05-);1;5 560,00  ;;
02-25745-14;VICTOR REINZ;Прокладка 1,6 pp, dt;5;1 600,00  ;;
02-28235-01;VICTOR REINZ;Верхний набор прокладок Opel c20xe dohc 16v 88-;1;3 630,00  ;;
02-28988-02;VICTOR REINZ;Комплект прокладок (вн) T4 2,4d;3;2 400,00  ;;
02-28988-03;VICTOR REINZ;Прокладка T4 2,5tdi;1;2 670,00  ;;
02-29245-02;VICTOR REINZ;Верхний набор прокладок M602 2,9td;2;3 000,00  ;;
02-29260-01;VICTOR REINZ;Прокладка m119 5,0   119.970,72,74;1;3 560,00  ;;
02-31250-01;VICTOR REINZ;Прокладка E240 m112.910,12;1;3 170,00  ;;
02-31255-01;VICTOR REINZ;Прокладка E240 m112.910,12;1;2 930,00  ;;
02-31257-02;VICTOR REINZ;Верхний набор проклодок 1,9 tdi 97-;1;2 820,00  ;;
02-31260-01;VICTOR REINZ;Прокладка 2,6+2,8+3,2 m112.912-15,20-23,40-47;1;4 100,00  ;;
02-31265-01;VICTOR REINZ;Прокладка 2,6+2,8+3,2 m112.912-15,20-23,40-47;1;3 960,00  ;;
02-31280-01;VICTOR REINZ;Верхний набор прокладок AU/VW AEH/AKL;1;4 660,00  ;;
02-31280-05;VICTOR REINZ;Верхний набор прокладок Audi/VW AVU/BG/BFQ;2;4 500,00  ;;
02-31350-02;VICTOR REINZ;Верхний набор прокладок;1;5 880,00  ;;
02-31555-01;VICTOR REINZ;Прокладка m611 2,2cdi;4;3 800,00  ;;
02-31675-01;VICTOR REINZ;Прокладка 1,4+1,6 16v 98- k4m;2;3 500,00  ;;
02-31705-02;VICTOR REINZ;Комплект прокладок верхний;1;5 000,00  ;;
02-31955-01;VICTOR REINZ;К/т прокладок (вн) VAG AEB/ANB DOHC;2;3 500,00  ;;
02-33070-03;VICTOR REINZ;Комплект прокладок;3;12 000,00  ;;
02-33440-02;VICTOR REINZ;Верний набор прокладок Volvo B5254F/S/T;1;5 790,00  ;;
02-33680-01;VICTOR REINZ;Верхний набор прокладок Renault K7J/K7M;1;4 400,00  ;;
02-33838-01;VICTOR REINZ;Верхний набор прокладок AU/VW 1.9TDi 10/97-;1;2 600,00  ;;
02-34075-01;VICTOR REINZ;Верхний набор прокладок AU/VW 1.4 16V AUA.AFK.AHW;1;5 640,00  ;;
02-34135-03;VICTOR REINZ;Верхний набор прокладок;1;4 840,00  ;;
02-34302-01;VICTOR REINZ;Верхний набор прокладок VAG (вн) 1,9tdi 115ps;4;2 000,00  ;;
02-34409-01;VICTOR REINZ;Верхний набор прокладок Renault F9Q;1;2 860,00  ;;
02-34430-01;VICTOR REINZ;Прокладки ГБЦ, комплект;1;6 970,00  ;;
02-35115-01;VICTOR REINZ;Верхний набор прокладок;1;8 240,00  ;;
02-35450-01;VICTOR REINZ;Верхний набор прокладок Audi/VW 2.0 20V ALT 12/00-;1;8 800,00  ;;
02-36015-05;VICTOR REINZ;Прокладка (вн) MB M271.940;1;6 240,00  ;;
02-36025-01;VICTOR REINZ;Верхний набор прокладок;1;6 080,00  ;;
02-36030-01;VICTOR REINZ;Комплект прокладок;1;5 780,00  ;;
02-36030-02;VICTOR REINZ;Комплект прокладок вн 2.0 FSI [AXW/ BLR/ BLX/ BLY/ BMB/ BVY/ BVZ] 150 л.с. Бензин;1;7 880,00  ;;
02-36090-01;VICTOR REINZ;Верхний набор прокладок AYT,BDL,BFH,BKK,BKL,BRK,BDB,BHE,BMJ,BPF,BUB,BAA,BML,BMV,BMX;3;8 000,00  ;;
02-36365-01;VICTOR REINZ;Верхний набор прокладок левый Mercedes M272.960;2;5 300,00  ;;
02-36370-01;VICTOR REINZ;Верхний набор прокладок правый Mercedes M272.960;2;5 500,00  ;;
02-36950-01;VICTOR REINZ;Верхний набор прокладок MB OM651.911;1;9 000,00  ;;
02-37100-01;VICTOR REINZ;Верхний набор прокладок M272;1;4 780,00  ;;
02-37475-01;VICTOR REINZ;Комплект прокладок ГБЦ VAG 1.8/2.0 04-;44;6 500,00  ;;
02-38077-01;VICTOR REINZ;Верхний набор прокладок(BJJ,BJK,BJL,BJM);1;4 000,00  ;;
02-38317-01;VICTOR REINZ;Верхний набор прокладок;1;3 900,00  ;;
08-26572-02;VICTOR REINZ;Нижний набор прокладок MB OM602 OM605;1;2 870,00  ;;
08-31414-03;VICTOR REINZ;Прокладка 1,9sdi tdi 10/97-;1;1 280,00  ;;
08-31828-01;VICTOR REINZ;Прокладка m60 + m62;1;7 600,00  ;;
08-33607-01;VICTOR REINZ;Прокладка 1,6 Megan;1;1 400,00  ;;
08-34341-01;VICTOR REINZ;Набор прокладок нижний Ford Focus/Mondeo 1.8 16V;1;4 180,00  ;;
08-35038-01;VICTOR REINZ;Нижний набор прокладок;1;4 900,00  ;;
08-35054-01;VICTOR REINZ;Нижний набор прокладок;1;1 660,00  ;;
08-36261-01;VICTOR REINZ;Нижний набор прокладок;1;2 980,00  ;;
08-36796-01;VICTOR REINZ;Нижний набор прокладок;1;4 460,00  ;;
08-37718-01;VICTOR REINZ;Нижний набор прокладок M272;2;4 110,00  ;;
08-38332-01;VICTOR REINZ;Набор прокладок;2;1 600,00  ;;
08-39129-01;VICTOR REINZ;Комплект прокладок нижний 1.8/2.0 TFSI;24;5 300,00  ;;
12-25837-01;VICTOR REINZ;Ремкомплект колпачков;10;150,00  ;;
12-31306-01;VICTOR REINZ;Комплект колпачков;10;1 000,00  ;;
12-33876-01;VICTOR REINZ;Колпачки маслосъёмные;8;1 000,00  ;;
14-32005-01;VICTOR REINZ;Болты m60+62;1;1 000,00  ;;
14-32121-01;VICTOR REINZ;Болты;5;800,00  ;;
14-32126-01;VICTOR REINZ;Болты 1,6 ahl + 2,0 aqy;1;1 480,00  ;;
14-32215-01;VICTOR REINZ;Болты ГБЦ;5;2 500,00  ;;
14-32276-01;VICTOR REINZ;Болты;2;2 290,00  ;;
14-32277-01;VICTOR REINZ;Комплект болтов ГБЦ;5;750,00  ;;
14-32299-01;VICTOR REINZ;Болты;5;700,00  ;;
14-32315-01;VICTOR REINZ;Болты;1;1 440,00  ;;
14-32322-01;VICTOR REINZ;Болты ГБЦ OM651;1;2 490,00  ;;
14-35774-01;VICTOR REINZ;Болты;1;990,00  ;;
15-29497-01;VICTOR REINZ;Прокладка клапанной крышки M104 2,8 + 3,2;1;1 550,00  ;;
15-31946-01;VICTOR REINZ;Прокладка клапанной крышки 1,8 5v;5;800,00  ;;
15-33077-01;VICTOR REINZ;Прокладка к-л крышки M52;2;1 300,00  ;;
15-33077-02;VICTOR REINZ;Прокладка к-л крышки;2;1 200,00  ;;
15-33397-01;VICTOR REINZ;Прокладка клапанной крышки;1;1 310,00  ;;
15-34088-01;VICTOR REINZ;Прокладка к-л крышки;1;750,00  ;;
15-34364-01;VICTOR REINZ;Прокладка AUDI ADR/AEB;3;280,00  ;;
15-36224-01;VICTOR REINZ;Прокладка к-л крышки M612;2;650,00  ;;
15-36563-01;VICTOR REINZ;Прокладка к-л крышки;1;1 300,00  ;;
15-37159-01;VICTOR REINZ;Прокладка к-л крышки N52.N52N;10;1 100,00  ;;
15-37289-01;VICTOR REINZ;Комплект прокладок;2;1 330,00  ;;
15-38449-02;VICTOR REINZ;Комплект прокладки клапанной крышки MB OM646;4;900,00  ;;
15-38642-01;VICTOR REINZ;Комплект прокладок форсунки;2;700,00  ;;
61-25295-20;VICTOR REINZ;Прокладка 1,4  с2j;1;660,00  ;;
61-26630-50;VICTOR REINZ;Прокладка ГБЦ;1;2 090,00  ;;
61-31225-40;VICTOR REINZ;Прокладка 1,9d-td **;1;1 630,00  ;;
61-31335-10;VICTOR REINZ;Прокладка m51 2,5tds 1/94- ***;1;2 950,00  ;;
61-31350-00;VICTOR REINZ;Прокладка v6 2,4 + 2,7t agb;3;1 000,00  ;;
61-31370-00;VICTOR REINZ;Прокладка m62 4,4 9/97-;2;2 850,00  ;;
61-31375-00;VICTOR REINZ;Прокладка ГБЦ M62 4,4 9/97-;1;2 930,00  ;;
61-31705-00;VICTOR REINZ;"Прокладка ГБЦ 2,4 afm -10/97; 2,6 abc; 2,8 aah";5;850,00  ;;
61-31940-00;VICTOR REINZ;Прокладка ГБЦ М52/52;1;2 100,00  ;;
61-31950-50;VICTOR REINZ;Прокладка 2,5tdi aat,ael ***;5;1 900,00  ;;
61-31980-20;VICTOR REINZ;Прокладка 1,9sdi,tdi 10/97- после ***;1;2 200,00  ;;
61-33005-10;VICTOR REINZ;Прокладка x20xev x22xe;1;800,00  ;;
61-33070-00;VICTOR REINZ;Прокладка ГБЦ BMW M52 24V;1;2 900,00  ;;
61-33120-10;VICTOR REINZ;Прокладка 1,9tdi;1;1 490,00  ;;
61-33680-00;VICTOR REINZ;Прокладка 1,6 Megan;1;1 460,00  ;;
61-33705-00;VICTOR REINZ;Прокладка ГБЦ Х5 N62B44;1;4 050,00  ;;
61-34075-00;VICTOR REINZ;Прокладка ГБЦ (AUA.AUB  1.4 16V (97-);5;1 400,00  ;;
61-34240-00;VICTOR REINZ;Прокладка ГБЦ;2;1 400,00  ;;
61-34260-00;VICTOR REINZ;Прокладка VW 1.6 16V 98-;1;1 950,00  ;;
61-34280-00;VICTOR REINZ;Прокладка ГБЦ VW BLF/BLN;1;2 390,00  ;;
61-34300-00;VICTOR REINZ;Прокладка ГБЦ MB OM611.960/980 d89.0 1.2mm;10;2 500,00  ;;
61-34830-00;VICTOR REINZ;Прокладка ГБЦ;1;1 260,00  ;;
61-35425-20;VICTOR REINZ;Прокладка;1;2 160,00  ;;
61-35525-00;VICTOR REINZ;Прокладка ГБЦ;1;3 260,00  ;;
61-35530-00;VICTOR REINZ;Прокладка ГБЦ;2;3 000,00  ;;
61-36015-00;VICTOR REINZ;Прокладка ГБЦ M271;1;2 460,00  ;;
61-36035-00;VICTOR REINZ;Прокладка ГБЦ;1;1 350,00  ;;
61-36120-00;VICTOR REINZ;Прокладка ГБЦ N54;1;7 140,00  ;;
61-36225-00;VICTOR REINZ;Прокладка ГБЦ;1;1 760,00  ;;
61-36390-00;VICTOR REINZ;Прокладка;1;1 380,00  ;;
61-36950-00;VICTOR REINZ;Прокладка ГБЦ;1;2 710,00  ;;
61-37025-10;VICTOR REINZ;Прокладка ГБЦ;1;3 220,00  ;;
61-37100-00;VICTOR REINZ;Прокладка ГБЦ M272;2;2 370,00  ;;
61-37105-00;VICTOR REINZ;Прокладка ГБЦ M272;2;2 330,00  ;;
61-37475-00;VICTOR REINZ;Прокладка ГБЦ 1,8-2L (07>>);4;2 300,00  ;;
61-37575-00;VICTOR REINZ;Прокладка ГБЦ;5;1 700,00  ;;
61-37610-00;VICTOR REINZ;Прокладка ГБЦ HWDA;5;3 000,00  ;;
61-40780-00;VICTOR REINZ;Прокладка ГБЦ Ford Transit 2.5D/TD;5;1 000,00  ;;
61-53635-40;VICTOR REINZ;Прокладка ГБЦ;1;2 670,00  ;;
70-27546-10;VICTOR REINZ;Прокладка поддона BMW M40;2;640,00  ;;
70-31306-00;VICTOR REINZ;Колпачёк маслосъёмный AU/VW 1.8,Opel X20XEV,MBOM604,BMW M50;308;30,00  ;;
70-31414-10;VICTOR REINZ;Герметик-прокладка поддона термостойкий(-50/+300 град);126;300,00  ;;
70-31414-20;VICTOR REINZ;Герметик-прокладка поддона термостойкий(-50/+300 град)высокоэластичный для уплот;35;900,00  ;;
71-35013-00;VICTOR REINZ;Прокладка коллектора впускного;48;100,00  ;;
71-35014-00;VICTOR REINZ;Прокладка коллектора впускного;50;100,00  ;;
81-24911-00;VICTOR REINZ;Сальник 26x42x8;1;170,00  ;;
81-26248-10;VICTOR REINZ;Сальник 611 2,2 + 612 2,7;1;370,00  ;;
81-90002-00;VICTOR REINZ;Сальник 601+602+611+612 с крышкой;3;1 250,00  ;;
81-90013-00;VICTOR REINZ;Сальник;1;2 310,00  ;;
81-90026-10;VICTOR REINZ;Сальник;4;1 260,00  ;;
81-90037-00;VICTOR REINZ;Сальник;29;2 000,00  ;;
150.1269.20;ZIMMERMANN;Диск тормозной Fr E36 E46;2;3 000,00  ;;
150.1284.20;ZIMMERMANN;Диск тормозные Fr E39;2;2 300,00  ;;
150.3423.20;ZIMMERMANN;Диск тормозной Fr E81/87;2;2 400,00  ;;
400.1443.20;ZIMMERMANN;Диск тормозной Fr W210;2;3 000,00  ;;
400.3620.20;ZIMMERMANN;Диск тормозной Fr W211;4;2 400,00  ;;
400.3649.20;ZIMMERMANN;Диск тормозной Fr W164;4;5 200,00  ;;
TC1348;AE;Цепь;1;300,00  ;;
V91991;AE;Клапан выпускной (производитель - SM (86-2164)  ;4;250,00  ;;
24003 050MM;AE;Поршни FORD 2,0 4v Mondeo +0,5;2;2 000,00  ;;
0120-333;AKITAKA;Опора шаровая;2;700,00  ;;
ME460A54;ASVA;Шрус внешний GW;1;2 800,00  ;;
13.0460-3803.2;ATE;Колодки тормозные R E34 E36 E39;5;1 200,00  ;;
WATS2920;ATS;Помпа;1;1 000,00  ;;
S910700;ATS;Кольца ATS MB119;8;700,00  ;;
S 03DB.01;ATS;Кольца MB 89.5 mm;1;400,00  ;;
S 8993.00;ATS;Кольца;3;250,00  ;;
S 03DB.00;ATS;Кольца;4;500,00  ;;
S 1023.00;ATS;Кольца;8;500,00  ;;
CR-30000;AUTOWELT;Шатун;1;2 500,00  ;;
CR-51001;AUTOWELT;Шатун;1;2 000,00  ;;
RA-32027;AUTOWELT;Рокер;8;700,00  ;;
RS-51011;AUTOWELT;Кольца;3;700,00  ;;
RS-52071;AUTOWELT;Кольца;3;500,00  ;;
RS-33390;AUTOWELT;Кольца;1;4 500,00  ;;
RS-32020;AUTOWELT;Кольца;1;3 500,00  ;;
RS-35030;AUTOWELT;Кольца;1;2 500,00  ;;
FS-30080;AUTOWELT;Комплект прокладок ISUZU 6VD1;1;6 000,00  ;;
VE-31018;AUTOWELT;Клапан;1;400,00  ;;
BK4302;BGA;Комплект болтов для ГБЦ;1;1 500,00  ;;
11617801438;BMW;ПРОФИЛЬНАЯ ПРОКЛАДКА;3;400,00  ;;
51160443082;BMW;Подстаканник;1;4 000,00  ;;
11337559797;BMW;Рычаг роликового толкателя;12;800,00  ;;
64119220847;BMW;Регулятор вентилятора;1;6 000,00  ;;
34356789492;BMW;Датчик колодок Fr E60;5;600,00  ;;
34356791961;BMW;Датчик колодок;1;700,00  ;;
34356791960;BMW;Датчик колодок;1;700,00  ;;
34356775850;BMW;Датчик колодок;1;700,00  ;;
11337559794;BMW;Рычаг роликового толкателя;23;800,00  ;;
52108219227;BMW;Крепление;1;1 000,00  ;;
11137627512;BMW;Профильная прокладка;1;1 200,00  ;;
11317563664;BMW;Распредвал;1;24 000,00  ;;
11147797490;BMW;Сальник 90х104х8,5 N47/N57;1;1 000,00  ;;
51236800799;BMW;Направляющая л нж;1;400,00  ;;
18107532927;BMW;Прокладка выхлопной системы;1;1 000,00  ;;
11127558450;BMW;Болт;2;250,00  ;;
11127558449;BMW;Болт;2;250,00  ;;
11127558448;BMW;Болт;6;150,00  ;;
32-N66-A;BOGE;Амортизатор;2;3 000,00  ;;
307853304;BOSCH;Гирокоректор;1;1 500,00  ;;
1987473012;BOSCH;Датчик колодок;3;300,00  ;;
0450905905;BOSCH;Фильтр топливный;1;600,00  ;;
1457429144;BOSCH;Фильтр масляный;4;800,00  ;;
1457429122;BOSCH;Фильт масляный M111;3;250,00  ;;
83500300AC;CHRYSLER;Вкладыш шатунный на 1 шейку (MOPAR);1;1 000,00  ;;
BR2-0013;CONCORD;Диск тормозной;2;2 000,00  ;;
ALP2337;DAYCO;Шкив генератора;1;1 500,00  ;;
399.600;ELRING;Верхний набор прокладок Renault G9T700;1;3 000,00  ;;
246.948;ERLING;Герметик;2;300,00  ;;
035.971;ERLING;Герметик;2;100,00  ;;
403.730;ERLING;Колпачёк маслосъёмный;24;10,00  ;;
713610050;FAG;Подшипник ступицы Audi;1;1 500,00  ;;
17856;FEBI;Вискомуфта MB SPRINTER OM611/612;1;4 000,00  ;;
11275;FEBI;Натяжитель ремня;1;2 000,00  ;;
34696;FEBI;Болт ГБЦ;10;100,00  ;;
06051;FEBI;Ролик натяжителя M50;1;500,00  ;;
04220;FEBI;Стойка стабилизатора;1;450,00  ;;
21683;FEBI;Ролик;2;1 300,00  ;;
09346;FEBI;Цепь привода;1;500,00  ;;
1560026;FORD;Колодки тормозные FORD Transit (06-) задние;1;2 500,00  ;;
1823596;FORD;Катушка зажигания ZH-S;2;3 300,00  ;;
5265306;FORD;Сальник;9;250,00  ;;
6162848;FORD;Вкладыши;4;750,00  ;;
5265823;FORD;Сальник;1;300,00  ;;
5090655;FORD;Кольцо стопорное;1;200,00  ;;
1229493;FORD;Вкладыш р/вала;2;500,00  ;;
2904023;FORMPART;Опора шаровая;2;400,00  ;;
FP3016762;FP DIESEL;Вкладыши;6;300,00  ;;
H1057/5 STD;GLYCO;Вкладыши;1;1 000,00  ;;
H1294/6 STD;GLYCO;Вкладыши коренные, комплект;5;1 500,00  ;;
9198980;GM;Уплотнение, кольцевое, регулятор давления впрыска топлива;11;1 000,00  ;;
GT90850;GMB;Ролик;1;900,00  ;;
GUN46;GMB;Крестовина;1;400,00  ;;
50-307171-70;GOETZE;Сальник;1;500,00  ;;
08-115900-00;GOETZE;Кольца VAG 1,8 20V (+turbo) std.;4;1 000,00  ;;
08-179500-00;GOETZE;Кольца MB M102 2.0 d89.0;4;700,00  ;;
205 579 546;HANS PRIES;Клапан;7;350,00  ;;
408060375;HANS PRIES;Цепь основная M112/113;2;3 000,00  ;;
111054755;HANS PRIES;Насос масляный;1;8 500,00  ;;
13210-RBB-A00;HONDA;Шатун;1;10 000,00  ;;
23510-26040;HYUNDAI;Шатун;2;1 500,00  ;;
24510-35000;HYUNDAI;Вал коромысел впускных клапанов;1;4 000,00  ;;
24200-35000;HYUNDAI;Распредвал;1;6 000,00  ;;
504006993;IVECO;Распредвал;1;14 000,00  ;;
145114002ALT;JP;Ролик;1;1 000,00  ;;
CR4256AM STD;KING;Вкладыши;1;800,00  ;;
77338620;KOLBENSCHMIDT;Вкладыши;1;4 500,00  ;;
87454600;KOLBENSCHMIDT;Вкладыши VAG (к) 5cyl. std.;1;1 500,00;;
77534600;KOLBENSCHMIDT;Вкладыши VAG (к) 1,4 16V;1;1 500,00  ;;
50005746;KOLBENSCHMIDT;Помпа OPEL X17D/X17DT;1;1 000,00  ;;
50013578;KOLBENSCHMIDT;Фильтр масляный M62;1;350,00  ;;
77907600;KOLBENSCHMIDT;Вкладыши;1;1 500,00  ;;
50013178;KOLBENSCHMIDT;Фильтр воздушный E36/39/46/X3;1;400,00  ;;
800001043050;KOLBENSCHMIDT;Кольца VAG 1,8-2,2;1;2 500,00  ;;
77558620;KOLBENSCHMIDT;Вкладыши;1;2 000,00  ;;
6201CM;KOYO;Подшипник генератора;1;250,00  ;;
29927 01;LEMFORDER;Стабилизатор Fr E60 XI L;2;1 000,00  ;;
30992 01;LEMFORDER;Опора шаровая E60 XI;4;2 200,00  ;;
029 VA 31101 100;MAHLE;Клапан;4;700,00  ;;
011 VE 30350 000;MAHLE;Клапан;8;500,00  ;;
001 PL 18228 000;MAHLE;Вкладыши шатунные MB;3;500,00  ;;
034 74 N0;MAHLE;Кольца VAG 1,8-2,2;1;500,00  ;;
034 74 N3;MAHLE;Кольца VAG 1,8-2,2;1;500,00  ;;
001 12 N0;MAHLE;Кольца MB M112 2,4;7;1 000,00  ;;
UR61-45-061A;MAZDA;Трубка топливная;1;3 000,00  ;;
A9063200831;MERCEDES;Амортизатор задний;2;5 000,00  ;;
А9015283382;MERCEDES;Патрубок;1;1 400,00  ;;
A9012412413;MERCEDES;ОПОРА ДВИГАТЕЛЯ (производитель - BENPART) (не оригинал);2;500,00  ;;
A1633010523;MERCEDES;Трос газа W163;1;3 000,00  ;;
A272033490152;MERCEDES;Вкладыши;1;250,00  ;;
A000989082510;MERCEDES;Антифриз;1;750,00  ;;
A4639060051;MERCEDES;Дневные ходовые огни;1;14 000,00  ;;
A2228300418;MERCEDES;Фильтр салона;1;5 500,00  ;;
A006420012041;MERCEDES;Колодки тормозные задние;1;4 500,00  ;;
01-S2853;METELLI;Втулка клапана;4;150,00  ;;
3877030;MIBA;Шатунный подшипник, пара;2;400,00  ;;
MN173443HC;MITSUBISHI;Ремень безопасности;1;10 000,00  ;;
C828618B080;NB;Вкладыши +0,8;1;1 000,00  ;;
12010-EA21B;NISSAN;Поршень VQ40DE;6;3 000,00  ;;
13001-57Y00;NISSAN;Распредвал (производитель - ATS);1;6 000,00  ;;
87-136400-00;NURAL;Поршни MB OM646/OM647/OM648;4;4 500,00  ;;
87-990111-10;NURAL;Поршни VAG 1,9TD;2;2 500,00  ;;
10 310 611 000;OE GERMANY;Шатун;1;5 000,00  ;;
010503611002;OE GERMANY;Звездочка выпускного распредвала;1;2 500,00  ;;
202155;OPTIMAL;Подшипник ступ.OPEL FRONTERA;1;2 500,00  ;;
02380;OSSCA;Маслянный насос;1;1 000,00  ;;
04099;OSSCA;Распределительный вал;1;3 000,00  ;;
DW757;PAYEN;Верхний набор прокладок Rover K14K1618K1616K16;1;5 000,00  ;;
95564710701;PORSCHE;Антена;2;5 000,00  ;;
95534379220;PORSCHE;Втулка стабилизатора;2;1 000,00  ;;
94810593400;PORSCHE;Прокладка;1;800,00  ;;
7700111671;RENAULT;Ремень;1;700,00  ;;
HMA-100-0;ROCKY;КЛАПАН ВПУСКНОЙ;1;200,00  ;;
MA-51-0;ROCKY;Клапан;2;250,00  ;;
MB-51-0;ROCKY;Клапан;1;250,00  ;;
3450001;RUVILLE;Натяжитель цепи;1;1 400,00  ;;
5323;RUVILLE;Подшипник ступицы;1;4 500,00  ;;
55096;RUVILLE;Ролик;1;950,00  ;;
65469;RUVILLE;Насос водяной AUDI/VW ;1;1 500,00  ;;
5562270;RUVILLE;Ремкоплект ГРМ;1;1 600,00  ;;
25182287;SHINHAN;Клапан;4;200,00  ;;
VKM26128;SKF;Ролик обводной ремня;1;1 900,00  ;;
6640300220;SSANG YONG;Шатун;1;4 000,00  ;;
6659901112;SSANG YONG;Болт крепления головки;3;140,00  ;;
6659901012;SSANG YONG;Болт крепления головки (короткий);8;100,00  ;;
52-00349-SX;STELLOX;Опора шаровая;1;400,00  ;;
99110206;SWAG;Цепь BMW нижняя М41+ М51;1;2 000,00  ;;
99110207;SWAG;Цепь BMW верхняя М41+ М51;1;1 700,00  ;;
99110200;SWAG;Цепь верхняя BMW М62;1;1 000,00  ;;
99110194;SWAG;Цепь;2;500,00  ;;
10041300;SWAG;Шестерня распредвала;1;900,00  ;;
10090034;SWAG;Башмак MB;1;150,00  ;;
30927070;SWAG;Натяжитель цепи;1;6 000,00  ;;
20100008;SWAG;Натяжитель цепи BMW;2;3 000,00  ;;
10090088;SWAG;Успокоитель;1;700,00  ;;
20100004;SWAG;Натяжитель цепи BMW М52;1;2 000,00  ;;
50925197;SWAG;Натяжитель цепи;1;1 600,00  ;;
32050001;SWAG;Звездочка коленвала Skoda;1;700,00  ;;
10040022;SWAG;Звезда распредвала;1;1 000,00  ;;
10040023;SWAG;Звезда распредвала;1;1 500,00  ;;
30050007;SWAG;Шестерня коленвала Т4;1;1 500,00  ;;
M458H STD;TAIHO;Вкладыши;1;1 000,00  ;;
M717A-STD;TAIHO;Вкладыши;1;1 000,00  ;;
R094A 050;TAIHO;Вкладыши;1;550,00  ;;
R113A1-050;TAIHO;Вкладыши;1;500,00  ;;
R336A 0.50;TAIHO;Вкладыши;1;700,00  ;;
R458H STD;TAIHO;Вкладыши шатунные;1;700,00  ;;
R460H 0,25;TAIHO;Вкладыши;1;700,00  ;;
R652A 0.25;TAIHO;Вкладыши;1;500,00  ;;
R717A STD;TAIHO;Вкладыши;1;700,00  ;;
R729A-050;TAIHO;Вкладыши;1;500,00  ;;
PHG03116-23S;TAKOMA;Прокладка ГБЦ MITSUBISHI 4G63-T (2,0 16V);1;1 000,00  ;;
PFS03090-00;TAKOMA;К/т прокладок MITSUBISHI 4G18;3;3 500,00  ;;
104873C;TERMAL;Радиатор кондиционера E87 E90;1;3 000,00  ;;
401518755;TOPRAN;Переключатель;1;500,00  ;;
16321-20010;TOYOTA;Фланец;1;3 500,00  ;;
11071-50021-04;TOYOTA;Вкладыши коренные std;4;800,00  ;;
13519-28010;TOYOTA;Шестерня коленвала на маслонасос;1;200,00  ;;
11701-22020-01;TOYOTA;Вкладыши коренные;5;500,00  ;;
13281-28011-02;TOYOTA;Вкладыш шатунный TOYOTA;2;200,00  ;;
13041-20011-03;TOYOTA;Вкладыш шатунный TOYOTA;3;400,00  ;;
11071-70013-02;TOYOTA;Вкладыш коренной TOYOTA;1;400,00  ;;
13041-20011-01;TOYOTA;Вкладыш шатунный TOYOTA;1;400,00  ;;
32399 STD;TP;Кольца HONDA K20/K20B 86.0 STD;6;1 500,00  ;;
33937 STD;TP;Кольца поршневые 4G18;1;2 000,00  ;;
02.67.231;TRUCKTEC;Цепь;1;2 500,00  ;;
02.12.045;TRUCKTEC;Шестерня+вал привода трамблёра;1;2 000,00  ;;
537747;TRW;Клапан;3;200,00  ;;
1S0919275C;VAG;Датчик парковки;1;1 000,00  ;;
06D109111B;VAG;Шкив зубчатого ремня;1;3 000,00  ;;
056103153;VAG;Крышка (поставщик JP);1;2 000,00  ;;
81-90012-00;VICTOR REINZ;Сальник;1;2 400,00  ;;
80-90002-00;VICTOR REINZ;Сальник;1;1 500,00  ;;
40-76504-00;VICTOR REINZ;Кольцо уплотнительное;4;40,00  ;;
71-37583-00;VICTOR REINZ;Прокладка;1;350,00  ;;
81-37608-00;VICTOR REINZ;Сальник 45х60х8;1;400,00  ;;
14031;VIKA;Поршни (к-т 4 шт);1;7 000,00  ;;
30-024669-10;GOETZE;Прокладка;1;500,00  ;;
24-306767-50;GOETZE;Колпачок маслосъемный (к/т);1;500,00  ;;
89541110;KOLBENSCHMIDT;Гильза;1;3 000,00  ;;
7701034875;RENAULT;Резистор вентилятора;1;2 500,00  ;;
7701409272;RENAULT;Брызговики;2;1 500,00  ;;
8200371661;RENAULT;Фильтр воздушный;1;400,00  ;;
8200537021;RENAULT;Ремень ГРМ;1;2 000,00  ;;
005 24 00;MAHLE;Поршни M272;2;8 000,00  ;;
